scenario,E,rounds,metric,contrast,mean,se,n
Correlated,1,5,F1,FedDualAvg-adapted minus FedAvg-CD-common,0.24611505221025584,0.00877303972486553,50
Correlated,1,5,objective_gap,FedDualAvg-adapted minus FedAvg-CD-common,-0.5509930569592271,0.047146741792884,50
Correlated,1,5,kkt_mapping,FedDualAvg-adapted minus FedAvg-CD-common,0.3119394838464333,0.011817573534456826,50
Correlated,1,5,test_mse,FedDualAvg-adapted minus FedAvg-CD-common,4.737951064144146,0.12259128458167827,50
Correlated,1,10,F1,FedDualAvg-adapted minus FedAvg-CD-common,0.30279975173561907,0.009109881591998542,50
Correlated,1,10,objective_gap,FedDualAvg-adapted minus FedAvg-CD-common,-1.1780591195990633,0.03667201550489912,50
Correlated,1,10,kkt_mapping,FedDualAvg-adapted minus FedAvg-CD-common,0.10713791627398724,0.008423369473535445,50
Correlated,1,10,test_mse,FedDualAvg-adapted minus FedAvg-CD-common,2.017317673386003,0.09490921760443047,50
Correlated,1,20,F1,FedDualAvg-adapted minus FedAvg-CD-common,0.3765029430672316,0.00949381486125456,50
Correlated,1,20,objective_gap,FedDualAvg-adapted minus FedAvg-CD-common,-1.5426960870099462,0.035998977184230806,50
Correlated,1,20,kkt_mapping,FedDualAvg-adapted minus FedAvg-CD-common,-0.06455883280483075,0.007289382364623645,50
Correlated,1,20,test_mse,FedDualAvg-adapted minus FedAvg-CD-common,-0.09980806088115038,0.08725178909929586,50
Correlated,1,50,F1,FedDualAvg-adapted minus FedAvg-CD-common,0.46101489587114897,0.009346088276189029,50
Correlated,1,50,objective_gap,FedDualAvg-adapted minus FedAvg-CD-common,-1.6603009237533681,0.036938919026450356,50
Correlated,1,50,kkt_mapping,FedDualAvg-adapted minus FedAvg-CD-common,-0.1817048165673567,0.00658213989685354,50
Correlated,1,50,test_mse,FedDualAvg-adapted minus FedAvg-CD-common,-1.40423465574662,0.09812345957309203,50
Correlated,1,100,F1,FedDualAvg-adapted minus FedAvg-CD-common,0.477853227078603,0.009308185075703822,50
Correlated,1,100,objective_gap,FedDualAvg-adapted minus FedAvg-CD-common,-1.664455814949202,0.03698375944360044,50
Correlated,1,100,kkt_mapping,FedDualAvg-adapted minus FedAvg-CD-common,-0.20165081729369644,0.006897072741632918,50
Correlated,1,100,test_mse,FedDualAvg-adapted minus FedAvg-CD-common,-1.5759439178374783,0.10391158232135539,50
Correlated,5,5,F1,FedDualAvg-adapted minus FedAvg-CD-common,0.3920047308425436,0.008904040676147263,50
Correlated,5,5,objective_gap,FedDualAvg-adapted minus FedAvg-CD-common,-1.4349693130342016,0.03208349234345287,50
Correlated,5,5,kkt_mapping,FedDualAvg-adapted minus FedAvg-CD-common,-0.09542429071869771,0.007759372883873742,50
Correlated,5,5,test_mse,FedDualAvg-adapted minus FedAvg-CD-common,-0.7345052731057972,0.09423813242669654,50
Correlated,5,10,F1,FedDualAvg-adapted minus FedAvg-CD-common,0.4461180329083429,0.008732744894657004,50
Correlated,5,10,objective_gap,FedDualAvg-adapted minus FedAvg-CD-common,-1.5179475392808244,0.033880137410252704,50
Correlated,5,10,kkt_mapping,FedDualAvg-adapted minus FedAvg-CD-common,-0.1755280187497113,0.007454083910531672,50
Correlated,5,10,test_mse,FedDualAvg-adapted minus FedAvg-CD-common,-1.7427440614056366,0.11144886489141945,50
Correlated,5,20,F1,FedDualAvg-adapted minus FedAvg-CD-common,0.4640345364547735,0.008688906663475967,50
Correlated,5,20,objective_gap,FedDualAvg-adapted minus FedAvg-CD-common,-1.5253234426148965,0.03414063407384604,50
Correlated,5,20,kkt_mapping,FedDualAvg-adapted minus FedAvg-CD-common,-0.18725011185514043,0.007810433868138586,50
Correlated,5,20,test_mse,FedDualAvg-adapted minus FedAvg-CD-common,-1.9711769578117486,0.12046169241896944,50
Correlated,5,50,F1,FedDualAvg-adapted minus FedAvg-CD-common,0.4468641374429312,0.008474059073943205,50
Correlated,5,50,objective_gap,FedDualAvg-adapted minus FedAvg-CD-common,-1.5282835464886713,0.03427640617737677,50
Correlated,5,50,kkt_mapping,FedDualAvg-adapted minus FedAvg-CD-common,-0.20592984184749594,0.007817143033165911,50
Correlated,5,50,test_mse,FedDualAvg-adapted minus FedAvg-CD-common,-2.052207451037976,0.11950954518769527,50
Correlated,5,100,F1,FedDualAvg-adapted minus FedAvg-CD-common,0.4499154741702708,0.008763023796280514,50
Correlated,5,100,objective_gap,FedDualAvg-adapted minus FedAvg-CD-common,-1.5292399216485464,0.034287444227886765,50
Correlated,5,100,kkt_mapping,FedDualAvg-adapted minus FedAvg-CD-common,-0.21206089446742954,0.007654044431380638,50
Correlated,5,100,test_mse,FedDualAvg-adapted minus FedAvg-CD-common,-2.095031690643018,0.12139020018968615,50
Correlated,20,5,F1,FedDualAvg-adapted minus FedAvg-CD-common,0.4720521804268351,0.010437977047587577,50
Correlated,20,5,objective_gap,FedDualAvg-adapted minus FedAvg-CD-common,-1.4816452043629935,0.032281227837612676,50
Correlated,20,5,kkt_mapping,FedDualAvg-adapted minus FedAvg-CD-common,-0.08913371065130965,0.007946104737148673,50
Correlated,20,5,test_mse,FedDualAvg-adapted minus FedAvg-CD-common,-1.2856175826455813,0.12495695779201559,50
Correlated,20,10,F1,FedDualAvg-adapted minus FedAvg-CD-common,0.47081497338582556,0.009124070894234525,50
Correlated,20,10,objective_gap,FedDualAvg-adapted minus FedAvg-CD-common,-1.5253258313027018,0.034089968831564184,50
Correlated,20,10,kkt_mapping,FedDualAvg-adapted minus FedAvg-CD-common,-0.15706703561680843,0.008116241488338432,50
Correlated,20,10,test_mse,FedDualAvg-adapted minus FedAvg-CD-common,-1.7915078241977411,0.11821357909515164,50
Correlated,20,20,F1,FedDualAvg-adapted minus FedAvg-CD-common,0.4669926003847315,0.008830351638664653,50
Correlated,20,20,objective_gap,FedDualAvg-adapted minus FedAvg-CD-common,-1.5379154486247788,0.03493335964673109,50
Correlated,20,20,kkt_mapping,FedDualAvg-adapted minus FedAvg-CD-common,-0.17535754544327,0.007575466013365251,50
Correlated,20,20,test_mse,FedDualAvg-adapted minus FedAvg-CD-common,-1.9470574672605951,0.12557614796651967,50
Correlated,20,50,F1,FedDualAvg-adapted minus FedAvg-CD-common,0.4516168097632548,0.008690196348921387,50
Correlated,20,50,objective_gap,FedDualAvg-adapted minus FedAvg-CD-common,-1.5440404856340655,0.03514637395451339,50
Correlated,20,50,kkt_mapping,FedDualAvg-adapted minus FedAvg-CD-common,-0.2043400514253991,0.007546283577664935,50
Correlated,20,50,test_mse,FedDualAvg-adapted minus FedAvg-CD-common,-2.089121592438556,0.12423773548061919,50
Correlated,20,100,F1,FedDualAvg-adapted minus FedAvg-CD-common,0.4519484885151354,0.008921774198447287,50
Correlated,20,100,objective_gap,FedDualAvg-adapted minus FedAvg-CD-common,-1.5448348744861289,0.03510838524869211,50
Correlated,20,100,kkt_mapping,FedDualAvg-adapted minus FedAvg-CD-common,-0.2084130862529063,0.007210370711110031,50
Correlated,20,100,test_mse,FedDualAvg-adapted minus FedAvg-CD-common,-2.1102075323455933,0.12468131339897359,50
Heterogeneous,1,5,F1,FedDualAvg-adapted minus FedAvg-CD-common,0.18606392771737157,0.02237329785749233,50
Heterogeneous,1,5,objective_gap,FedDualAvg-adapted minus FedAvg-CD-common,-1.9703963740235577,0.12351525401898888,50
Heterogeneous,1,5,kkt_mapping,FedDualAvg-adapted minus FedAvg-CD-common,0.25727676379624786,0.028925012226647402,50
Heterogeneous,1,5,test_mse,FedDualAvg-adapted minus FedAvg-CD-common,3.024719505113105,0.17599211601445916,50
Heterogeneous,1,10,F1,FedDualAvg-adapted minus FedAvg-CD-common,0.2109168964545452,0.02329698527425385,50
Heterogeneous,1,10,objective_gap,FedDualAvg-adapted minus FedAvg-CD-common,-2.6221547576494255,0.09155461171113824,50
Heterogeneous,1,10,kkt_mapping,FedDualAvg-adapted minus FedAvg-CD-common,0.02081062796029165,0.018944617778483597,50
Heterogeneous,1,10,test_mse,FedDualAvg-adapted minus FedAvg-CD-common,1.0002870442347538,0.15294698928077538,50
Heterogeneous,1,20,F1,FedDualAvg-adapted minus FedAvg-CD-common,0.24295019774005933,0.024672214586653717,50
Heterogeneous,1,20,objective_gap,FedDualAvg-adapted minus FedAvg-CD-common,-3.002519249713243,0.08593104085790867,50
Heterogeneous,1,20,kkt_mapping,FedDualAvg-adapted minus FedAvg-CD-common,-0.20588742791612064,0.01497095467497768,50
Heterogeneous,1,20,test_mse,FedDualAvg-adapted minus FedAvg-CD-common,-0.7053295788214153,0.20803698323502867,50
Heterogeneous,1,50,F1,FedDualAvg-adapted minus FedAvg-CD-common,0.2746182834178885,0.026560212305583784,50
Heterogeneous,1,50,objective_gap,FedDualAvg-adapted minus FedAvg-CD-common,-3.116595310909473,0.08613564738219093,50
Heterogeneous,1,50,kkt_mapping,FedDualAvg-adapted minus FedAvg-CD-common,-0.35906254051152103,0.017372765694271833,50
Heterogeneous,1,50,test_mse,FedDualAvg-adapted minus FedAvg-CD-common,-1.730590561232006,0.2613298680436645,50
Heterogeneous,1,100,F1,FedDualAvg-adapted minus FedAvg-CD-common,0.28458880145874077,0.027037391148806947,50
Heterogeneous,1,100,objective_gap,FedDualAvg-adapted minus FedAvg-CD-common,-3.1195180334073536,0.08571916305075682,50
Heterogeneous,1,100,kkt_mapping,FedDualAvg-adapted minus FedAvg-CD-common,-0.37957189222395377,0.01740589071831614,50
Heterogeneous,1,100,test_mse,FedDualAvg-adapted minus FedAvg-CD-common,-1.8596985212436528,0.26888157221714465,50
Heterogeneous,5,5,F1,FedDualAvg-adapted minus FedAvg-CD-common,0.27859530250666104,0.03180821657909389,50
Heterogeneous,5,5,objective_gap,FedDualAvg-adapted minus FedAvg-CD-common,-2.1925428886576843,0.06174871651794825,50
Heterogeneous,5,5,kkt_mapping,FedDualAvg-adapted minus FedAvg-CD-common,-0.13238293326935968,0.011776534147002521,50
Heterogeneous,5,5,test_mse,FedDualAvg-adapted minus FedAvg-CD-common,-0.541956606367243,0.20977023824104438,50
Heterogeneous,5,10,F1,FedDualAvg-adapted minus FedAvg-CD-common,0.28664183735632726,0.03138000706758579,50
Heterogeneous,5,10,objective_gap,FedDualAvg-adapted minus FedAvg-CD-common,-2.3476489356707524,0.06304569598316723,50
Heterogeneous,5,10,kkt_mapping,FedDualAvg-adapted minus FedAvg-CD-common,-0.22729167745609552,0.014580567138730101,50
Heterogeneous,5,10,test_mse,FedDualAvg-adapted minus FedAvg-CD-common,-1.456755208062298,0.26448740997435877,50
Heterogeneous,5,20,F1,FedDualAvg-adapted minus FedAvg-CD-common,0.2873003234530006,0.03060812729666688,50
Heterogeneous,5,20,objective_gap,FedDualAvg-adapted minus FedAvg-CD-common,-2.3796397587697733,0.06405855949915669,50
Heterogeneous,5,20,kkt_mapping,FedDualAvg-adapted minus FedAvg-CD-common,-0.260057512268412,0.013904412917890217,50
Heterogeneous,5,20,test_mse,FedDualAvg-adapted minus FedAvg-CD-common,-1.7145459197612138,0.26973794864781814,50
Heterogeneous,5,50,F1,FedDualAvg-adapted minus FedAvg-CD-common,0.2667426346002874,0.02866970738261096,50
Heterogeneous,5,50,objective_gap,FedDualAvg-adapted minus FedAvg-CD-common,-2.4278311366727463,0.06571563023116443,50
Heterogeneous,5,50,kkt_mapping,FedDualAvg-adapted minus FedAvg-CD-common,-0.33921791321979883,0.016632710736885287,50
Heterogeneous,5,50,test_mse,FedDualAvg-adapted minus FedAvg-CD-common,-1.9229712735301465,0.2741501213996803,50
Heterogeneous,5,100,F1,FedDualAvg-adapted minus FedAvg-CD-common,0.2617753352404027,0.028454582283498633,50
Heterogeneous,5,100,objective_gap,FedDualAvg-adapted minus FedAvg-CD-common,-2.433478201513489,0.06570598013877729,50
Heterogeneous,5,100,kkt_mapping,FedDualAvg-adapted minus FedAvg-CD-common,-0.3499177573928191,0.015978383181853795,50
Heterogeneous,5,100,test_mse,FedDualAvg-adapted minus FedAvg-CD-common,-1.9635444036764387,0.2755172960070588,50
Heterogeneous,20,5,F1,FedDualAvg-adapted minus FedAvg-CD-common,0.30261960771142393,0.03495160245356303,50
Heterogeneous,20,5,objective_gap,FedDualAvg-adapted minus FedAvg-CD-common,-2.142248048608496,0.06632606344591584,50
Heterogeneous,20,5,kkt_mapping,FedDualAvg-adapted minus FedAvg-CD-common,-0.09037958805884283,0.01669597845611631,50
Heterogeneous,20,5,test_mse,FedDualAvg-adapted minus FedAvg-CD-common,-0.7380170642431456,0.24678075896465454,50
Heterogeneous,20,10,F1,FedDualAvg-adapted minus FedAvg-CD-common,0.2989542996754499,0.033077958069952645,50
Heterogeneous,20,10,objective_gap,FedDualAvg-adapted minus FedAvg-CD-common,-2.3194869035293255,0.0664023395135709,50
Heterogeneous,20,10,kkt_mapping,FedDualAvg-adapted minus FedAvg-CD-common,-0.18984335245888462,0.017014661070092644,50
Heterogeneous,20,10,test_mse,FedDualAvg-adapted minus FedAvg-CD-common,-1.4547031558326853,0.27588986482245614,50
Heterogeneous,20,20,F1,FedDualAvg-adapted minus FedAvg-CD-common,0.2887116034773731,0.03228592739299952,50
Heterogeneous,20,20,objective_gap,FedDualAvg-adapted minus FedAvg-CD-common,-2.3815744337055826,0.06976444922303074,50
Heterogeneous,20,20,kkt_mapping,FedDualAvg-adapted minus FedAvg-CD-common,-0.25757242914555223,0.01996782186695733,50
Heterogeneous,20,20,test_mse,FedDualAvg-adapted minus FedAvg-CD-common,-1.751910249894542,0.27961201504717703,50
Heterogeneous,20,50,F1,FedDualAvg-adapted minus FedAvg-CD-common,0.2641846588363358,0.030691559922770645,50
Heterogeneous,20,50,objective_gap,FedDualAvg-adapted minus FedAvg-CD-common,-2.4354699106100095,0.06888681396834728,50
Heterogeneous,20,50,kkt_mapping,FedDualAvg-adapted minus FedAvg-CD-common,-0.3148010763456157,0.019612204134452808,50
Heterogeneous,20,50,test_mse,FedDualAvg-adapted minus FedAvg-CD-common,-1.9598193313177381,0.28813566797606194,50
Heterogeneous,20,100,F1,FedDualAvg-adapted minus FedAvg-CD-common,0.2640213234162447,0.030675071878073123,50
Heterogeneous,20,100,objective_gap,FedDualAvg-adapted minus FedAvg-CD-common,-2.4360939395177534,0.06891493013852988,50
Heterogeneous,20,100,kkt_mapping,FedDualAvg-adapted minus FedAvg-CD-common,-0.3145328851370051,0.01957023069417554,50
Heterogeneous,20,100,test_mse,FedDualAvg-adapted minus FedAvg-CD-common,-1.9732707639410507,0.28927542001325834,50
IID,1,5,F1,FedDualAvg-adapted minus FedAvg-CD-common,0.3331382869615675,0.01609313455388225,50
IID,1,5,objective_gap,FedDualAvg-adapted minus FedAvg-CD-common,-0.8273180982603121,0.042501007847582366,50
IID,1,5,kkt_mapping,FedDualAvg-adapted minus FedAvg-CD-common,0.2617955109753332,0.014041219240881914,50
IID,1,5,test_mse,FedDualAvg-adapted minus FedAvg-CD-common,3.970540560782489,0.09367789497629363,50
IID,1,10,F1,FedDualAvg-adapted minus FedAvg-CD-common,0.38093584326112867,0.017730494544113212,50
IID,1,10,objective_gap,FedDualAvg-adapted minus FedAvg-CD-common,-1.4296210134780705,0.04296129983790965,50
IID,1,10,kkt_mapping,FedDualAvg-adapted minus FedAvg-CD-common,0.03444324271693972,0.009416054996900156,50
IID,1,10,test_mse,FedDualAvg-adapted minus FedAvg-CD-common,1.0634235718525953,0.10270670991867403,50
IID,1,20,F1,FedDualAvg-adapted minus FedAvg-CD-common,0.43876079429984494,0.018769901239740226,50
IID,1,20,objective_gap,FedDualAvg-adapted minus FedAvg-CD-common,-1.6626262082546517,0.04990799809715767,50
IID,1,20,kkt_mapping,FedDualAvg-adapted minus FedAvg-CD-common,-0.13527810532387888,0.006736251400589159,50
IID,1,20,test_mse,FedDualAvg-adapted minus FedAvg-CD-common,-0.8588797805091956,0.14200039880119894,50
IID,1,50,F1,FedDualAvg-adapted minus FedAvg-CD-common,0.4721968342308111,0.01910503639996324,50
IID,1,50,objective_gap,FedDualAvg-adapted minus FedAvg-CD-common,-1.6949823153597539,0.051318775422723506,50
IID,1,50,kkt_mapping,FedDualAvg-adapted minus FedAvg-CD-common,-0.20498724232851726,0.006072026965387584,50
IID,1,50,test_mse,FedDualAvg-adapted minus FedAvg-CD-common,-1.6035151739632512,0.16384774289021964,50
IID,1,100,F1,FedDualAvg-adapted minus FedAvg-CD-common,0.47542388456916457,0.019308598912039714,50
IID,1,100,objective_gap,FedDualAvg-adapted minus FedAvg-CD-common,-1.6953177913364832,0.051341419802766686,50
IID,1,100,kkt_mapping,FedDualAvg-adapted minus FedAvg-CD-common,-0.21052223930934374,0.006115572387970801,50
IID,1,100,test_mse,FedDualAvg-adapted minus FedAvg-CD-common,-1.6444154590857283,0.16604294727095548,50
IID,5,5,F1,FedDualAvg-adapted minus FedAvg-CD-common,0.4358300024767924,0.020625367832316895,50
IID,5,5,objective_gap,FedDualAvg-adapted minus FedAvg-CD-common,-1.5785919913764195,0.05214567820226223,50
IID,5,5,kkt_mapping,FedDualAvg-adapted minus FedAvg-CD-common,-0.14680816401410263,0.005648665727788512,50
IID,5,5,test_mse,FedDualAvg-adapted minus FedAvg-CD-common,-1.476146247929616,0.1767601050191606,50
IID,5,10,F1,FedDualAvg-adapted minus FedAvg-CD-common,0.4580819175699514,0.021689901704288646,50
IID,5,10,objective_gap,FedDualAvg-adapted minus FedAvg-CD-common,-1.6049780153994895,0.05372914004183443,50
IID,5,10,kkt_mapping,FedDualAvg-adapted minus FedAvg-CD-common,-0.17586491231122092,0.005806357459100719,50
IID,5,10,test_mse,FedDualAvg-adapted minus FedAvg-CD-common,-2.030959156033863,0.19699865076530942,50
IID,5,20,F1,FedDualAvg-adapted minus FedAvg-CD-common,0.46373367447796454,0.020699197260469576,50
IID,5,20,objective_gap,FedDualAvg-adapted minus FedAvg-CD-common,-1.606991018976733,0.05382137176750506,50
IID,5,20,kkt_mapping,FedDualAvg-adapted minus FedAvg-CD-common,-0.1818320702443226,0.005824762337293491,50
IID,5,20,test_mse,FedDualAvg-adapted minus FedAvg-CD-common,-2.1075947807423345,0.19814329074325118,50
IID,5,50,F1,FedDualAvg-adapted minus FedAvg-CD-common,0.44885658217399427,0.020050275379607376,50
IID,5,50,objective_gap,FedDualAvg-adapted minus FedAvg-CD-common,-1.6120860668213357,0.054148323898017985,50
IID,5,50,kkt_mapping,FedDualAvg-adapted minus FedAvg-CD-common,-0.20769924678301382,0.005731514232194722,50
IID,5,50,test_mse,FedDualAvg-adapted minus FedAvg-CD-common,-2.232573093036592,0.19743053839432156,50
IID,5,100,F1,FedDualAvg-adapted minus FedAvg-CD-common,0.4456889996833358,0.019657998809584836,50
IID,5,100,objective_gap,FedDualAvg-adapted minus FedAvg-CD-common,-1.6135918933389501,0.054311606383074744,50
IID,5,100,kkt_mapping,FedDualAvg-adapted minus FedAvg-CD-common,-0.21232552172205402,0.005723227211376334,50
IID,5,100,test_mse,FedDualAvg-adapted minus FedAvg-CD-common,-2.2505596845616327,0.19664842800798396,50
IID,20,5,F1,FedDualAvg-adapted minus FedAvg-CD-common,0.47929250281342756,0.02199521818410096,50
IID,20,5,objective_gap,FedDualAvg-adapted minus FedAvg-CD-common,-1.5891772308230978,0.053679219518988075,50
IID,20,5,kkt_mapping,FedDualAvg-adapted minus FedAvg-CD-common,-0.11947892633214491,0.009187670607095489,50
IID,20,5,test_mse,FedDualAvg-adapted minus FedAvg-CD-common,-1.6541667364665147,0.19340146750359447,50
IID,20,10,F1,FedDualAvg-adapted minus FedAvg-CD-common,0.4625211227735068,0.02186628459418596,50
IID,20,10,objective_gap,FedDualAvg-adapted minus FedAvg-CD-common,-1.6264881867919463,0.05609267973679707,50
IID,20,10,kkt_mapping,FedDualAvg-adapted minus FedAvg-CD-common,-0.16357957006730475,0.006530738210074324,50
IID,20,10,test_mse,FedDualAvg-adapted minus FedAvg-CD-common,-2.051628001990634,0.2067066820326596,50
IID,20,20,F1,FedDualAvg-adapted minus FedAvg-CD-common,0.4618264925196191,0.020542338013930718,50
IID,20,20,objective_gap,FedDualAvg-adapted minus FedAvg-CD-common,-1.632079171631793,0.056344490789641107,50
IID,20,20,kkt_mapping,FedDualAvg-adapted minus FedAvg-CD-common,-0.18624988531548525,0.006669859862871259,50
IID,20,20,test_mse,FedDualAvg-adapted minus FedAvg-CD-common,-2.160217281857202,0.20050226443446498,50
IID,20,50,F1,FedDualAvg-adapted minus FedAvg-CD-common,0.44985537039464263,0.020375673340063433,50
IID,20,50,objective_gap,FedDualAvg-adapted minus FedAvg-CD-common,-1.6401142189949711,0.05702255621143716,50
IID,20,50,kkt_mapping,FedDualAvg-adapted minus FedAvg-CD-common,-0.2076650512647539,0.005981160971701353,50
IID,20,50,test_mse,FedDualAvg-adapted minus FedAvg-CD-common,-2.2743823263799126,0.20577917983628116,50
IID,20,100,F1,FedDualAvg-adapted minus FedAvg-CD-common,0.4507192865158806,0.020125112558158936,50
IID,20,100,objective_gap,FedDualAvg-adapted minus FedAvg-CD-common,-1.6389529905378115,0.05684152453035588,50
IID,20,100,kkt_mapping,FedDualAvg-adapted minus FedAvg-CD-common,-0.20730943966880516,0.005749044574244722,50
IID,20,100,test_mse,FedDualAvg-adapted minus FedAvg-CD-common,-2.278463652371754,0.2060207724313529,50
