scenario,method,E,n,active_m,TP_m,FP_m,precision_m,recall_m,F1_m,jaccard_m,coef_err_m,test_mse_m,rounds_m,local_epochs_m,vector_kib_m,scalar_kib_m,F1_se,jaccard_se,coef_err_se,test_mse_se,recall_se,precision_se,active_se
Correlated,ADMM,,200,45.265,25.365,19.9,0.6326361950227455,0.8454999999999999,0.6965055722503861,0.5433485575570851,2.641926107971812,27.26155325568519,91.83,,1291.359375,0.0,0.007246604410810177,0.008182256967259825,0.03304454777898832,0.29045488474846004,0.007715551308448404,0.012749274675997048,1.3849600886798796
Correlated,ADMM-CV,,200,118.745,29.005,89.74,0.260599343991669,0.9668333333333333,0.40571227058289866,0.2576094655137806,2.075055818003441,24.371699945417348,,,,0.0,0.005574045666915909,0.004509277711417735,0.014227188142915504,0.204455806964735,0.0024039040924169184,0.004702285783836716,2.195278138534532
Correlated,ADMM-CV-1SE,,200,52.17,26.92,25.25,0.5450759565674654,0.8973333333333333,0.6681770324890448,0.5077221188188471,2.4104802521983864,25.942327767710626,,,,0.0,0.006015182185385259,0.006721596168093079,0.01828052423750894,0.22486551960334428,0.004156083712558693,0.008318810611097257,0.9697202103865633
Correlated,FedAvg,1.0,200,250.205,28.265,221.94,0.1228422866213017,0.9421666666666667,0.21525416609514536,0.12157839902923277,2.967881953103776,28.342879332819994,16.225,16.225,228.1640625,0.0,0.0036872877397379432,0.0023638686445806058,0.019148037568768757,0.24169654536439217,0.003200690007963883,0.002464966737630272,5.570220070442984
Correlated,FedAvg,2.0,200,223.35,28.04,195.31,0.13727945970616123,0.9346666666666666,0.23681065166648904,0.13551400335917926,2.9877534273831468,28.481833438162184,10.19,20.38,143.296875,0.0,0.004042631767890891,0.0026463667769426186,0.018023779063755484,0.24193647206056978,0.003455386880287405,0.002775676431092342,5.318597077648565
Correlated,FedAvg,3.0,200,211.52,27.96,183.56,0.14346309868873894,0.932,0.24608025914345205,0.14147114138546713,3.0008216637115144,28.55134480876419,8.125,24.375,114.2578125,0.0,0.003950524315167032,0.0026094906232395475,0.017643782975987735,0.24152184602247148,0.0036210810272203457,0.0027505272542314575,4.905688217204813
Correlated,FedAvg,5.0,200,201.665,27.885,173.78,0.14873588064060983,0.9295,0.2539920316399807,0.14660248767510614,3.0134365840894026,28.61300698630974,6.345,31.725,89.2265625,0.0,0.003861748897923662,0.0025761336072945736,0.01732538687869127,0.2407225123137033,0.0035927333758566608,0.0027148372973371886,4.395573821596622
Correlated,FedAvg,8.0,200,197.11,27.84,169.27,0.15102579282841724,0.9279999999999999,0.25744530440483837,0.148819927982287,3.0202295583217045,28.64333482134505,5.185,41.48,72.9140625,0.0,0.00375962175903184,0.0025182646554958803,0.01718910864406259,0.24032748768777157,0.003617995842177617,0.0026572558603946356,4.0992448746950405
Correlated,FedAvg,10.0,200,195.475,27.82,167.655,0.15179822834163312,0.9273333333333333,0.2586112888003333,0.14956596405632427,3.0220912716414636,28.651591488975892,4.75,47.5,66.796875,0.0,0.003715769645109739,0.0024932920234930493,0.01716271811392479,0.24025527112935488,0.0036127449810576806,0.0026321045213232304,3.9672588254284213
Correlated,FedAvg,15.0,200,193.755,27.805,165.95,0.1525263555505657,0.9268333333333334,0.25973556672943116,0.15027678944093822,3.023988488821323,28.659884365448903,4.045,60.675,56.8828125,0.0,0.003655359976549835,0.0024581237729564094,0.017138705503917554,0.24020901041018713,0.003589001593755243,0.0025965037463148008,3.7654639113045123
Correlated,FedAvg,20.0,200,192.975,27.79,165.185,0.15279140470109598,0.9263333333333335,0.2601435890595054,0.15052754864772416,3.0247131530923124,28.663072710321398,3.61,72.2,50.765625,0.0,0.0036197474818319025,0.0024363300085880877,0.01712727980633781,0.2401945018117575,0.003541175204840778,0.0025753642734325055,3.6567651733004833
Correlated,FedAvg-P,1.0,200,70.235,23.8,46.435,0.39468165572209296,0.7933333333333333,0.5029272563613776,0.34243645926877336,3.2614300559289076,30.684794293223014,15.155,15.155,213.1171875,0.3515625,0.007305172945342228,0.006716249753558689,0.023485768000028242,0.28438722168676767,0.007225335411139183,0.010368527517171402,2.1812929813190522
Correlated,FedAvg-P,2.0,200,60.93,23.96,36.97,0.4548079230145351,0.7986666666666667,0.5543600090458222,0.3903560712465215,3.271971414736965,30.833759148925125,9.195,18.39,129.3046875,0.3515625,0.007259431591101169,0.006915883516887895,0.022849380938869783,0.2865844716483194,0.007131374674349403,0.011008375462964312,1.914524095581671
Correlated,FedAvg-P,3.0,200,58.75,23.785,34.965,0.46551163562978404,0.7928333333333333,0.5622775399347802,0.39820874574228227,3.284287768997271,30.92351187759264,7.275,21.825,102.3046875,0.3515625,0.007302236013825134,0.007071617802541572,0.022317678794413043,0.28781436389223414,0.006961156886080775,0.0110243941558259,1.8015452607784144
Correlated,FedAvg-P,5.0,200,59.08,23.775,35.305,0.46072520251719185,0.7925,0.5589539635455426,0.39477752503580704,3.2919529604497377,30.966638775869914,5.61,28.05,78.890625,0.3515625,0.007203494307159536,0.006960443965649191,0.021758597897916808,0.28580340142525296,0.007062920137664151,0.010814650703353884,1.775508420355637
Correlated,FedAvg-P,8.0,200,59.55,23.81,35.74,0.4587801195607086,0.7936666666666667,0.5573830957322629,0.39344343437998747,3.2956163311246214,30.982954146283028,4.62,36.96,64.96875,0.3515625,0.00728626666524802,0.007067765489286987,0.021593973092199244,0.28505518031609967,0.007023093437322977,0.010962521157704633,1.7930175850508292
Correlated,FedAvg-P,10.0,200,59.725,23.785,35.94,0.4572772719970077,0.7928333333333333,0.5560006462805367,0.3921507028522678,3.2966029906104324,30.987218904536984,4.21,42.1,59.203125,0.3515625,0.007315849319688715,0.007080686910878887,0.02156043744088743,0.28488779757646815,0.007001146512153954,0.010957782424757194,1.8026632656284514
Correlated,FedAvg-P,15.0,200,59.9,23.8,36.1,0.45682819506444433,0.7933333333333333,0.555756540742811,0.39199846623359685,3.297710175043785,30.992056595487288,3.625,54.375,50.9765625,0.3515625,0.007364318841637974,0.007116541479744731,0.021527483379522164,0.2847679369853883,0.007005621097959425,0.01094928899032387,1.8223624845583348
Correlated,FedAvg-P,20.0,200,59.72,23.795,35.925,0.4573338992605238,0.7931666666666666,0.556374056179226,0.392518403732804,3.2990130023354567,31.000385536576154,3.345,66.9,47.0390625,0.3515625,0.007326344539701569,0.007078454149252071,0.02146786367070322,0.28463732134387537,0.006994843358682664,0.010890144798107163,1.8091081675259346
Correlated,FedAvg-ST,1.0,200,53.575,23.65,29.925,0.503258918470068,0.7883333333333333,0.5903335527702238,0.4262640421200105,3.2647521196617815,30.83186004131713,16.225,16.225,228.1640625,2.8125,0.007274672614240372,0.007320388175078167,0.022304580644650455,0.27697053340071803,0.006707371545856072,0.011492162509720632,1.6039435932261632
Correlated,FedAvg-ST,2.0,200,53.455,23.7,29.755,0.4973926880610191,0.79,0.5883327460608221,0.4228261065684649,3.2860483509490455,30.95712441999067,10.19,20.38,143.296875,2.8125,0.006568073193857137,0.006570085580520896,0.02129896143495898,0.2768852245459636,0.00694156836031665,0.010600473362234863,1.5050801327604288
Correlated,FedAvg-ST,3.0,200,54.015,23.575,30.44,0.49220290172407843,0.7858333333333333,0.5823366056015213,0.41699011860783897,3.2989144871896183,31.031500495694576,8.125,24.375,114.2578125,2.8125,0.006696016668597288,0.006639239590186837,0.021135174765991454,0.27741092175892856,0.007094470995404399,0.010787384198780493,1.547513445602851
Correlated,FedAvg-ST,5.0,200,54.54,23.6,30.94,0.48694259778888205,0.7866666666666667,0.5790740134902534,0.4136033337048076,3.309201798274876,31.089016866279838,6.345,31.725,89.2265625,2.8125,0.00661863063741002,0.006573183736173885,0.02076991925190781,0.27717246420205244,0.006945588962078793,0.010692999270906849,1.5423313293998282
Correlated,FedAvg-ST,8.0,200,55.035,23.55,31.485,0.48230854099007414,0.785,0.5749803158137132,0.40974379404450617,3.314772977858717,31.118438326856882,5.185,41.48,72.9140625,2.8125,0.006727659079489461,0.006681533696436104,0.020633453816704752,0.27713270280164876,0.006988664348004383,0.010718687640581093,1.5605754881681813
Correlated,FedAvg-ST,10.0,200,55.25,23.51,31.74,0.4803454353359613,0.7836666666666667,0.5727781311715691,0.4075728927741315,3.3156864909903097,31.12229315643714,4.75,47.5,66.796875,2.8125,0.006738926451770922,0.0066745478444159905,0.020636555105814337,0.2775406526371667,0.007053239353042045,0.010747353857885139,1.5707238353173893
Correlated,FedAvg-ST,15.0,200,55.285,23.49,31.795,0.4791395811227138,0.7829999999999999,0.571841239839077,0.4065846471806157,3.3172559181844106,31.130759724440704,4.045,60.675,56.8828125,2.8125,0.006707822711198898,0.006635759801650407,0.020600581625829225,0.2772499419242488,0.007025478081019827,0.01070856770817373,1.5619273221885184
Correlated,FedAvg-ST,20.0,200,55.275,23.485,31.79,0.4788290401273611,0.7828333333333333,0.5716705287398804,0.4063913543290638,3.318044286988863,31.13554181874149,3.61,72.2,50.765625,2.8125,0.006695445028525987,0.006620820090249754,0.02055498624223909,0.2770112520806497,0.007013496998300514,0.010680783684414302,1.5574095471286407
Correlated,FedAvg-ST-min,1.0,200,237.96,28.135,209.825,0.12639796299282882,0.9378333333333333,0.22092433777080964,0.12503567026889398,2.9677947240287317,28.353998092937246,16.225,16.225,228.1640625,2.8125,0.0034423580121123805,0.002226654181839928,0.01918770387717163,0.24195238825968104,0.0033222386551453606,0.002326519383241833,4.571573956769273
Correlated,FedAvg-ST-min,2.0,200,215.32,27.97,187.35,0.13987134112135025,0.9323333333333333,0.2408888464211167,0.13803848886518033,2.987925243478394,28.4879196278352,10.19,20.38,143.296875,2.8125,0.003841726459338739,0.002535537775102587,0.0180364662816866,0.2420545797159304,0.003496109347476741,0.002663904936410156,4.414797866381318
Correlated,FedAvg-ST-min,3.0,200,205.145,27.915,177.23,0.14583519508642456,0.9305,0.24973864451196431,0.14377394886985198,3.0012797142464693,28.558644570087917,8.125,24.375,114.2578125,2.8125,0.0037925510993587815,0.002524739735533646,0.017654008809866728,0.24171346272519853,0.003658949546130401,0.002666857391365672,4.08748794044907
Correlated,FedAvg-ST-min,5.0,200,196.84,27.85,168.99,0.1506801408601787,0.9283333333333332,0.2569808450075135,0.14849949789473166,3.014005346717914,28.619635498550448,6.345,31.725,89.2265625,2.8125,0.0037298562336058024,0.0025042644571406708,0.017331936445622347,0.24095809237053073,0.003635776689851858,0.0026409888743839237,3.7340780245553713
Correlated,FedAvg-ST-min,8.0,200,192.91,27.79,165.12,0.1524938949197308,0.9263333333333335,0.2597175380179291,0.15024124356803728,3.0204694031884003,28.64850430593867,5.185,41.48,72.9140625,2.8125,0.003608041841700124,0.002432691233741509,0.01721116231159021,0.24055501215389058,0.0035959372819600265,0.002570284822871122,3.4271102877822766
Correlated,FedAvg-ST-min,10.0,200,191.29,27.785,163.505,0.15334753285482441,0.9261666666666667,0.2610203434429322,0.15107597038340648,3.022355604189928,28.657231328900924,4.75,47.5,66.796875,2.8125,0.003554839077684698,0.0024025436216943397,0.017181185388860994,0.24044568242935999,0.00359040146658197,0.002540279971694783,3.2842290269570933
Correlated,FedAvg-ST-min,15.0,200,190.555,27.785,162.77,0.15383779179113669,0.9261666666666667,0.26176420066379086,0.1515570597736835,3.024212710854988,28.66566359211962,4.045,60.675,56.8828125,2.8125,0.0035331666392833107,0.0023888471912647067,0.017159235886347383,0.2403618666535141,0.0035591633531530564,0.0025264614675377375,3.26669425132783
Correlated,FedAvg-ST-min,20.0,200,189.685,27.775,161.91,0.154231924435046,0.9258333333333333,0.2623684181320258,0.15193404800972302,3.024968431896715,28.66932867274108,3.61,72.2,50.765625,2.8125,0.003487891754054377,0.002361073478807623,0.0171471167854327,0.2403328546697648,0.003524164805563547,0.0024994487975564046,3.191222080462932
Correlated,Local-only,,200,102.32,25.15,77.17,0.2670530931228989,0.8383333333333333,0.397107308651628,0.25071778091923763,2.9949453993489628,28.537882795604855,0.0,,0.0,0.0,0.005487315217794705,0.004375659479454861,0.019183856438823328,0.24184080275252598,0.00553527846177208,0.005308547656496153,2.270753090494418
Correlated,Local-only-1SE,,200,41.405,19.57,21.835,0.5328282285341898,0.6523333333333333,0.5524112092472385,0.38592452363941293,3.37624992804317,31.33624262308355,0.0,,0.0,0.0,0.005817921491299767,0.005423700547914578,0.028363708041072234,0.31187646321190793,0.011051652748603352,0.010565166498741342,1.3234661644493262
Correlated,One-shot,,200,190.175,27.765,162.41,0.15360310846639216,0.9255,0.26144832924989647,0.1513173528140897,3.0261512321367694,28.666655040012134,1.0,,14.0625,0.0,0.003472989010492452,0.0023533424751148095,0.017106590425844153,0.24041902630438824,0.0035442288003096995,0.0024924877545595948,3.1137274072779997
Correlated,Pooled,,200,120.835,28.99,91.845,0.253972786459634,0.9663333333333334,0.39814986957066134,0.2511309077505982,2.071441583029039,24.350382454301354,,,,0.0,0.005098615214854669,0.004072895775999453,0.014144340324108646,0.20375843787873282,0.002302985220720382,0.004247257627756329,2.143305312669332
Correlated,Pooled-1SE,,200,51.545,26.89,24.655,0.5530697990131331,0.8963333333333334,0.672753658374275,0.5128678370673884,2.4213221448603317,25.994295563659858,,,,0.0,0.0059636787164440664,0.0067183533371105945,0.018238067556920305,0.22770989278217277,0.004475817521998516,0.008620763387808207,0.9920234004980314
Heterogeneous,ADMM,,200,37.33,17.9,19.43,0.6501913718424843,0.5966666666666667,0.5291578457920644,0.3733572238831966,3.4214569345140817,42.688828228913195,65.79,,925.171875,0.0,0.010803724092349882,0.009372607317539515,0.0448054324524886,0.45797741128682196,0.017268853136950067,0.017120901822395725,2.0250703815549858
Heterogeneous,ADMM-CV,,200,119.075,26.755,92.32,0.2484166306072812,0.8918333333333334,0.3807636595062678,0.23867655382795083,2.731906342177626,38.11132653532071,,,,0.0,0.0060515012108945795,0.004754867703161119,0.019852623235023695,0.32437951182334984,0.0045359627560147674,0.0054158982612056514,2.925128846537229
Heterogeneous,ADMM-CV-1SE,,200,33.135,18.88,14.255,0.6609335552022317,0.6293333333333333,0.5957889653197741,0.43464268031272374,3.391516466460029,42.332114934059106,,,,0.0,0.009200840833147431,0.008052003688069754,0.03474614445629783,0.43513223248754623,0.013296767280076106,0.01322744423527104,1.3465884214875838
Heterogeneous,FedAvg,1.0,200,249.52,28.24,221.28,0.12496303197396286,0.9413333333333334,0.21824645095610185,0.12371086400669551,3.060484407336489,39.86113623513897,14.055,14.055,197.6484375,0.0,0.004125658794217672,0.002653001316653882,0.01931315921165069,0.32663469599236616,0.003181114006207787,0.0027347512558460185,6.0158540958464535
Heterogeneous,FedAvg,2.0,200,221.14,28.04,193.1,0.1415467731753499,0.9346666666666666,0.24268438027381606,0.13971478351056343,3.065359206090688,39.86922400104132,9.125,18.25,128.3203125,0.0,0.0046470069800382445,0.003074039585135576,0.01846811368301795,0.32627420381983435,0.0034795405846270873,0.0031949873452572415,5.840221996193649
Heterogeneous,FedAvg,3.0,200,206.825,27.92,178.905,0.1494523944561711,0.9306666666666666,0.2544111942180459,0.1473484958331732,3.0747644635163947,39.90518818108019,7.525,22.575,105.8203125,0.0,0.004591104040970678,0.0030678906029726095,0.01824537299174844,0.32647152700005655,0.0036250878423674036,0.0031946298905987463,5.414852260219109
Heterogeneous,FedAvg,5.0,200,195.705,27.805,167.9,0.15565908751160235,0.9268333333333334,0.26352919976025024,0.15330907197404353,3.0854538702923087,39.94984005688714,6.255,31.275,87.9609375,0.0,0.0044762629631085816,0.0030216834400877335,0.0180621005058249,0.3261522378956717,0.003756234348707766,0.0031524997018329607,4.91241784873834
Heterogeneous,FedAvg,8.0,200,190.39,27.77,162.62,0.15857737808779326,0.9256666666666666,0.26788555553014193,0.15614334711844435,3.0915761666752406,39.97412036798212,5.295,42.36,74.4609375,0.0,0.004369781760778178,0.0029627953184181424,0.017982953907229843,0.32586488510767847,0.003763752003749536,0.0030935561514026555,4.526287206905565
Heterogeneous,FedAvg,10.0,200,188.645,27.74,160.905,0.15936760931571123,0.9246666666666666,0.2690498724995088,0.15689404904255505,3.0932794373610477,39.980452306066056,4.905,49.05,68.9765625,0.0,0.004326008127281992,0.002938358227521579,0.01796514787702646,0.3258060281730451,0.0037898450812414693,0.0030685020749480927,4.358979050974457
Heterogeneous,FedAvg,15.0,200,186.44,27.725,158.715,0.16046189816244483,0.9241666666666667,0.27069641501462866,0.1579558526137055,3.0952664382975406,39.98827143041556,4.275,64.125,60.1171875,0.0,0.004261973138473151,0.0029012322790006335,0.01794651810412953,0.3258026178765044,0.003743130689545493,0.0030317402196092936,4.10929599418674
Heterogeneous,FedAvg,20.0,200,185.31,27.695,157.615,0.1608339744363539,0.9231666666666666,0.2712397690057036,0.1582993517613372,3.0960789949895964,39.991458172028175,3.86,77.2,54.28125,0.0,0.004228583831531463,0.002881974008251142,0.01793852812595091,0.32577541952840683,0.0037376074779741334,0.003012618194957985,3.9331945792180107
Heterogeneous,FedAvg-P,1.0,200,30.215,16.86,13.355,0.6774562741945206,0.5619999999999999,0.5417067890292817,0.3937813855552948,3.758455915289229,45.03758040856306,10.925,10.925,153.6328125,0.3515625,0.014335172402679694,0.011539614253841082,0.03354151133026523,0.4361331367673202,0.01716351550984286,0.015261710542139055,1.63327333411147
Heterogeneous,FedAvg-P,2.0,200,26.62,17.22,9.4,0.7547710251558294,0.574,0.585075118136654,0.43955900177776924,3.754557262145281,44.993120593648676,7.155,14.31,100.6171875,0.3515625,0.014994052569855386,0.012518930368588827,0.03286493049444418,0.4265936152894534,0.016982205683678052,0.014955731756764326,1.2595277092034363
Heterogeneous,FedAvg-P,3.0,200,25.985,17.19,8.795,0.7674569331225124,0.573,0.5906120093036513,0.44587943781838696,3.760634577325052,45.036284089413165,5.93,17.79,83.390625,0.3515625,0.015180345813082521,0.012682659454419393,0.032423213581802245,0.42401342945848053,0.016934844100954048,0.01462293655525425,1.2414021392589847
Heterogeneous,FedAvg-P,5.0,200,26.055,17.14,8.915,0.769276340987419,0.5713333333333334,0.5896487422998972,0.44355504950552815,3.7685282424062057,45.09274603621357,4.87,24.35,68.484375,0.3515625,0.014792946727218561,0.012370621697506919,0.032016682151968054,0.4252357992687302,0.016773593348947208,0.014876585272288214,1.2657688290692006
Heterogeneous,FedAvg-P,8.0,200,26.215,17.19,9.025,0.768612142444812,0.573,0.5905339550079904,0.4445454163416933,3.7687952043886863,45.08937551655049,4.185,33.48,58.8515625,0.3515625,0.014804009389041896,0.012401241402591481,0.031815356663838,0.42538885997300285,0.01671916355346208,0.01501418167936773,1.2758459111290532
Heterogeneous,FedAvg-P,10.0,200,26.02,17.11,8.91,0.7703652128340692,0.5703333333333334,0.5891808348017598,0.44316084012733425,3.772435803090689,45.1170470343501,3.895,38.95,54.7734375,0.3515625,0.014802856893628227,0.012401675379655872,0.0319297049227514,0.4257857517632871,0.016816396109535066,0.014906482462941316,1.2785230172068232
Heterogeneous,FedAvg-P,15.0,200,26.09,17.115,8.975,0.7697823256784077,0.5705,0.5888994956812044,0.44274241434189365,3.775127163282511,45.13528353333093,3.5,52.5,49.21875,0.3515625,0.014772510855358103,0.012362234570967025,0.0318060902957855,0.42601461897679904,0.016800430553361903,0.014970709121237472,1.287360081678587
Heterogeneous,FedAvg-P,20.0,200,26.11,17.105,9.005,0.7690055950614447,0.5701666666666667,0.5882676240932737,0.44203325199824384,3.775129147449233,45.13478986827295,3.205,64.1,45.0703125,0.3515625,0.014759022721038843,0.012341787342636325,0.03178560982958343,0.42590351438922636,0.0168273618278679,0.014944016736319007,1.292183497400727
Heterogeneous,FedAvg-ST,1.0,200,23.2,17.375,5.825,0.8236520615335939,0.5791666666666666,0.6359998911205169,0.48648009018831273,3.756292394657218,44.992484215164474,14.055,14.055,197.6484375,2.8125,0.012677391308257747,0.01108774119936014,0.02944295142962635,0.4112047683806225,0.014089602194724426,0.012122234473893356,0.8995252796020888
Heterogeneous,FedAvg-ST,2.0,200,23.83,17.55,6.28,0.8151674162927153,0.585,0.6376329053418014,0.48746566997617163,3.756428402866369,44.97526557113738,9.125,18.25,128.3203125,2.8125,0.012390685386931942,0.010909346586520161,0.028851317104507286,0.4101097142730241,0.013918784129625852,0.012238162968892595,0.9607396124939761
Heterogeneous,FedAvg-ST,3.0,200,23.805,17.625,6.18,0.8175976724927038,0.5875,0.6414973419866231,0.49050004714511153,3.7640736704122446,45.0187256853171,7.525,22.575,105.8203125,2.8125,0.011888213308252914,0.010666363306434012,0.028260076723364485,0.4072642675836087,0.013681463371206539,0.011913250447109863,0.9353659295219985
Heterogeneous,FedAvg-ST,5.0,200,23.94,17.6,6.34,0.8147106124377917,0.5866666666666667,0.6380847660215646,0.4869564367718728,3.7733312133286394,45.07924133248645,6.255,31.275,87.9609375,2.8125,0.01195965956020369,0.01071839190425503,0.02797240283109419,0.40672900541097623,0.013963340372985945,0.012202646999631798,0.9517410652464159
Heterogeneous,FedAvg-ST,8.0,200,23.985,17.605,6.38,0.8142269569832895,0.5868333333333333,0.638286777944029,0.4874366584221759,3.778210982208152,45.10948298042801,5.295,42.36,74.4609375,2.8125,0.01199093961955879,0.01084300820120196,0.027716386675466494,0.4056535638386329,0.013894990842719654,0.012209965590785611,0.9515255537277939
Heterogeneous,FedAvg-ST,10.0,200,23.995,17.525,6.47,0.8145017083335371,0.5841666666666666,0.6362579834543007,0.48520029923655367,3.7814348836536147,45.13313018520352,4.905,49.05,68.9765625,2.8125,0.011990189569958344,0.010828828592330988,0.027615931828115135,0.40497665276788286,0.013870940384776093,0.012294536893799517,0.9947474490729725
Heterogeneous,FedAvg-ST,15.0,200,24.185,17.54,6.645,0.8112561606310956,0.5846666666666667,0.634447416672674,0.48334979681296125,3.781887344116977,45.13827761667348,4.275,64.125,60.1171875,2.8125,0.012023985751708604,0.010867946929534812,0.027753587168198146,0.4073012430917171,0.013982999968075616,0.012443442159155582,1.0089568098888602
Heterogeneous,FedAvg-ST,20.0,200,24.175,17.54,6.635,0.8112788665879208,0.5846666666666667,0.6346905557743385,0.4836591099641601,3.7824847333456297,45.140687248423234,3.86,77.2,54.28125,2.8125,0.012038425844597434,0.010879742139461506,0.027655019925898455,0.40633785637085995,0.013955020669937425,0.012409117581702659,1.0102847377132256
Heterogeneous,FedAvg-ST-min,1.0,200,233.075,28.055,205.02,0.13440034428351066,0.9351666666666667,0.23179256871583373,0.1326574886043373,3.064961330113184,39.90973912700273,14.055,14.055,197.6484375,2.8125,0.004605195619560299,0.0030298176781246543,0.01951304680204377,0.32687885359797336,0.003393078480456851,0.0031672356612915576,5.813871548885017
Heterogeneous,FedAvg-ST-min,2.0,200,210.365,27.93,182.435,0.1477356314758778,0.931,0.25155134841464255,0.1456254665093297,3.0684053894328263,39.903355120166914,9.125,18.25,128.3203125,2.8125,0.004794349992218253,0.003219486330814799,0.018567519969670376,0.3269535082747739,0.003484912043170108,0.00335788790940152,5.324057363425494
Heterogeneous,FedAvg-ST-min,3.0,200,197.98,27.82,170.16,0.15433489885703833,0.9273333333333333,0.26143694459355954,0.15202914828213665,3.0771391562570134,39.931934833436415,7.525,22.575,105.8203125,2.8125,0.004626139340812419,0.003127573188582608,0.018242995759188037,0.3264432846419277,0.003597256849288682,0.003261467684537492,4.7587631939064154
Heterogeneous,FedAvg-ST-min,5.0,200,187.335,27.715,159.62,0.16131655797333047,0.9238333333333334,0.27152130895609633,0.15873060188597982,3.0889147424864807,39.98364725546319,6.255,31.275,87.9609375,2.8125,0.004574854975684947,0.0031251760592400017,0.018020098277387462,0.32585866241865824,0.0037239885139808515,0.0032642929615097184,4.3655819087505465
Heterogeneous,FedAvg-ST-min,8.0,200,183.925,27.685,156.24,0.16320566328411057,0.9228333333333333,0.2743511639093803,0.16055140403056473,3.094943799364296,40.00514425741253,5.295,42.36,74.4609375,2.8125,0.004460930730017031,0.003050156624308726,0.017968650162302535,0.32575463059192283,0.0037627690660083594,0.0031875600133121104,4.129596190730089
Heterogeneous,FedAvg-ST-min,10.0,200,182.95,27.675,155.275,0.1639494362126787,0.9225,0.27540822443222335,0.1612728322313806,3.0966343225304103,40.01108829256605,4.905,49.05,68.9765625,2.8125,0.004470676948124823,0.0030632022288724936,0.017954911519695176,0.3256057949055445,0.0037802382206714343,0.0032002056145331724,4.109333352627296
Heterogeneous,FedAvg-ST-min,15.0,200,181.12,27.665,153.455,0.1646515640516202,0.9221666666666667,0.2765352070202026,0.16195763251327558,3.0983522487653756,40.0168674526206,4.275,64.125,60.1171875,2.8125,0.004361372978587884,0.0029914538122935586,0.017947035284324897,0.3256031805238616,0.003730729380234206,0.003128547860680389,3.8588380577291517
Heterogeneous,FedAvg-ST-min,20.0,200,179.835,27.64,152.195,0.16515277447561683,0.9213333333333334,0.27728164504380964,0.16242714380152407,3.099115819196449,40.01982754283842,3.86,77.2,54.28125,2.8125,0.004308039517260841,0.0029600370198257435,0.01793099712617169,0.32550710274641065,0.003728951724058297,0.0030970982591012382,3.6942286749080067
Heterogeneous,Local-only,,200,107.34,25.87,81.47,0.2636215032176402,0.8623333333333334,0.3953580529381916,0.24950483612117977,2.8492387135711614,38.91910047035926,0.0,,0.0,0.0,0.005630293626807011,0.004480961629529596,0.020537930024947314,0.32445454041451915,0.004803858025202051,0.005557334075882839,2.4608843448634414
Heterogeneous,Local-only-1SE,,200,39.04,19.925,19.115,0.5874773342558417,0.6641666666666667,0.5820967980784582,0.4182770185789652,3.3128564635226905,41.93947212229542,0.0,,0.0,0.0,0.00794148731675939,0.007043823045173481,0.03157319771036098,0.3919863577495595,0.011929762573673043,0.012512174773036764,1.40062512963635
Heterogeneous,One-shot,,200,181.725,27.67,154.055,0.16201757805940747,0.9223333333333333,0.2731073336399267,0.15945468504764096,3.0984547560501907,39.99825026484105,1.0,,14.0625,0.0,0.004063097487996714,0.002790532212711438,0.017987214319802335,0.3261861696899175,0.0037518653465984314,0.0029203963974875776,3.2758514754865256
Heterogeneous,Pooled,,200,117.465,26.735,90.73,0.25320223308004625,0.8911666666666668,0.38553969521664105,0.24260478425638893,2.7309415875464564,38.10167333477412,,,,0.0,0.006249800813006445,0.0049466092131959585,0.01972864065344834,0.3241045475668431,0.004572619577941997,0.0057679718677261,2.922215012262008
Heterogeneous,Pooled-1SE,,200,32.305,18.66,13.645,0.6706567070947819,0.622,0.595526425244521,0.43438206622957687,3.40617537660335,42.43594097189864,,,,0.0,0.009173535314668364,0.008084985962378182,0.0343211256060639,0.4250775406750712,0.013417739534910081,0.013408380897960228,1.321549218411262
Independent,ADMM,,200,41.65,25.67,15.98,0.7086140802661154,0.8556666666666666,0.7428674096747947,0.6029313302221091,2.589294995234575,27.628616502624727,58.185,,818.2265625,0.0,0.008034713413573112,0.009509666410351858,0.0385427664463836,0.3071939139546578,0.008640438343203568,0.014245800418590752,1.4956175511461762
Independent,ADMM-CV,,200,119.865,29.35,90.515,0.2602699341510404,0.9783333333333334,0.4066795446040174,0.25839779083062075,1.9281197575448263,24.352619128282754,,,,0.0,0.005572842613089894,0.004548995193758918,0.012685708862435295,0.1966219828987747,0.001826506246853103,0.00467771545199901,2.098883138036913
Independent,ADMM-CV-1SE,,200,48.675,27.55,21.125,0.6017562071064557,0.9183333333333333,0.7152342053000901,0.5644708884222905,2.296019628100622,25.978742394032068,,,,0.0,0.006485117195377055,0.0077614104750718445,0.019376518267425816,0.22253065742431988,0.003966287300806699,0.009466690441332148,0.9739041644884984
Independent,FedAvg,1.0,200,247.165,28.71,218.455,0.12944811478275958,0.9570000000000001,0.22521704312332844,0.1282732098005911,2.8514858283007603,28.846705648893145,14.39,14.39,202.359375,0.0,0.004352746394302402,0.0028200989747342777,0.020413742951101464,0.24091798957871893,0.003022251371094693,0.0029231579283049798,6.228528051106225
Independent,FedAvg,2.0,200,223.825,28.525,195.3,0.14255040694734042,0.9508333333333333,0.2445618568000889,0.14098522040975545,2.8745393464214883,28.96572066824504,9.09,18.18,127.828125,0.0,0.004710649186227363,0.0031287077677240463,0.019390889249066155,0.23922859258449147,0.0032046997523188614,0.0032524410732960364,5.892412451406253
Independent,FedAvg,3.0,200,213.295,28.43,184.865,0.14767974128871186,0.9476666666666667,0.2522908829685452,0.1459494602619909,2.886665421164696,29.03345342032753,7.365,22.095,103.5703125,0.0,0.004580383379416359,0.0030610521919734886,0.019089569041839647,0.23917531400717087,0.00330397456197799,0.0031892591111769377,5.463942092569684
Independent,FedAvg,5.0,200,205.2,28.315,176.885,0.1513068952754958,0.9438333333333334,0.25771399807632034,0.14941645342344442,2.8967391105695874,29.09165569586418,5.875,29.375,82.6171875,0.0,0.004420591910476922,0.0029736372256241243,0.018897587585835027,0.23953425661703046,0.003428926608786227,0.003106439580402867,4.9814227751036775
Independent,FedAvg,8.0,200,201.515,28.28,173.235,0.15277139946858528,0.9426666666666667,0.2599834903746527,0.1508397399149877,2.901281483537438,29.119140594951965,4.865,38.92,68.4140625,0.0,0.004299655266120888,0.0029025924482511604,0.01882198219228624,0.23969139283866517,0.0034336658862216237,0.0030344175600963237,4.647693422088922
Independent,FedAvg,10.0,200,200.23,28.255,171.975,0.15318441973043312,0.9418333333333334,0.26061172371175284,0.15123235809726315,2.9025704262212964,29.127205874615385,4.5,45.0,63.28125,0.0,0.0042612770877131405,0.002881302850918036,0.01880118221949798,0.23971683573597888,0.0034404684279772764,0.003012925667230432,4.497608018652497
Independent,FedAvg,15.0,200,198.36,28.23,170.13,0.15384754332584272,0.941,0.2616423827274233,0.15187681010389434,2.9042133884639987,29.136208073857137,3.87,58.05,54.421875,0.0,0.004198690860083241,0.002844757355502041,0.018773284135516512,0.2396809885807866,0.0034218563764219926,0.002975821493564215,4.269007392896271
Independent,FedAvg,20.0,200,197.695,28.225,169.47,0.15404471529693015,0.9408333333333333,0.26196126757503513,0.15207267153475545,2.9049863051315956,29.139801181631334,3.49,69.8,49.078125,0.0,0.004172900144479953,0.002829841682553228,0.018764479561675693,0.23966871945857318,0.0034277865782971354,0.0029608818868811647,4.152411647156046
Independent,FedAvg-P,1.0,200,62.1,24.22,37.88,0.45811733357337786,0.8073333333333333,0.556867571759463,0.39412564313557724,3.2086834934511845,31.055337509519312,12.74,12.74,179.15625,0.3515625,0.007908289517413306,0.007596659797301108,0.025665964985024912,0.27991343600176377,0.0072798414521853365,0.011745229011020769,2.046666612105042
Independent,FedAvg-P,2.0,200,52.405,24.125,28.28,0.5329752796966709,0.8041666666666667,0.6129949724157562,0.45034702765638995,3.2235789831199253,31.149383504713395,7.92,15.84,111.375,0.3515625,0.0075644399792714435,0.007766812415326013,0.024475395660862917,0.27110138984111726,0.007460813316481227,0.012255233151206952,1.745390159547494
Independent,FedAvg-P,3.0,200,51.495,24.07,27.425,0.5407852797794509,0.8023333333333333,0.6183066060683313,0.45599411044357924,3.2326257349841803,31.201215787962113,6.365,19.095,89.5078125,0.3515625,0.007589360661975118,0.00780512284065497,0.024161692577276076,0.2708578743019658,0.007410399079471336,0.012231133539617063,1.72207070486749
Independent,FedAvg-P,5.0,200,50.245,23.995,26.25,0.5531474355569698,0.7998333333333334,0.625755258405495,0.46431267317987657,3.2472324035457176,31.29526291916092,5.115,25.575,71.9296875,0.3515625,0.007716519080634404,0.008061321588627574,0.02434125808720513,0.27631725778947036,0.00745542308211502,0.01256168444325093,1.6900907992021432
Independent,FedAvg-P,8.0,200,50.44,23.975,26.465,0.5522885913100583,0.7991666666666667,0.6243715354208014,0.46295830974624075,3.2507828860226056,31.31698845763052,4.26,34.08,59.90625,0.3515625,0.007778224005165719,0.008102622352701089,0.02433748036495097,0.2771813957796987,0.007470162124504894,0.012664103930846809,1.7030070950613052
Independent,FedAvg-P,10.0,200,50.565,23.975,26.59,0.5508648433973845,0.7991666666666667,0.6233784146893228,0.4618869263111315,3.251272636017943,31.32036991545237,3.97,39.7,55.828125,0.3515625,0.007777239998709525,0.00808926922477615,0.02431177632246478,0.2771272568171735,0.007470162124504894,0.012653263614384083,1.6992693892630533
Independent,FedAvg-P,15.0,200,50.4,23.98,26.42,0.5507197794853138,0.7993333333333333,0.6237060670883191,0.46201468338399665,3.253304631614291,31.333351282991906,3.45,51.75,48.515625,0.3515625,0.00766975836768145,0.008001517878513522,0.024202010835635588,0.27648625026693857,0.007505665085467734,0.012549319837786654,1.669080329321702
Independent,FedAvg-P,20.0,200,50.48,23.97,26.51,0.5500653176668151,0.799,0.6231509228603795,0.4615199875488811,3.25363023745133,31.33508044982557,3.18,63.6,44.71875,0.3515625,0.0077141442184383326,0.008041206308082987,0.02417249578940057,0.276407790080142,0.007483128240484719,0.012585894778522731,1.6796589747198043
Independent,FedAvg-ST,1.0,200,43.23,23.675,19.555,0.6118935987338765,0.7891666666666667,0.666913831373464,0.5081536114829469,3.2377136507725415,31.23370079185247,14.39,14.39,202.359375,2.8125,0.006954658282200984,0.007617282431191321,0.0243576183056267,0.2752569982219323,0.006827774836118304,0.011770954976725605,1.2971114022896222
Independent,FedAvg-ST,2.0,200,43.485,23.66,19.825,0.6075404426276104,0.7886666666666667,0.663523674526238,0.5043774335830795,3.2626115979288595,31.38575254626285,9.09,18.18,127.828125,2.8125,0.006957398873788424,0.0076598281846339995,0.023250496786614065,0.27177784341736755,0.00709054465906927,0.011715458016928562,1.2891112886686176
Independent,FedAvg-ST,3.0,200,44.195,23.665,20.53,0.5985919826849617,0.7888333333333334,0.6574874826734018,0.4973110045383164,3.2726982781238037,31.449444632721153,7.365,22.095,103.5703125,2.8125,0.006842866161747824,0.00749155042301998,0.022907883687322845,0.2720769338885898,0.007210938012769832,0.011634170756222044,1.3238382125718107
Independent,FedAvg-ST,5.0,200,44.575,23.63,20.945,0.5933491346211865,0.7876666666666666,0.6538648245201304,0.4936796552815633,3.2823430363260253,31.513576966679906,5.875,29.375,82.6171875,2.8125,0.007028412946490261,0.0076793675697901225,0.022899384239599807,0.27362526202279785,0.007211063836404999,0.011687338318195465,1.3377480045277925
Independent,FedAvg-ST,8.0,200,44.66,23.575,21.085,0.5917750342608535,0.7858333333333333,0.6517960368746151,0.4915344721160707,3.2898341388307957,31.56005064030571,4.865,38.92,68.4140625,2.8125,0.0070834770330779956,0.007758276919856024,0.022792108437983325,0.2753849350933471,0.007129798823771141,0.01185618524164904,1.3276994877035395
Independent,FedAvg-ST,10.0,200,44.665,23.57,21.095,0.5908072492983435,0.7856666666666666,0.6512577742403883,0.4908560448127159,3.291422319343052,31.569927816126324,4.5,45.0,63.28125,2.8125,0.007043097486569368,0.0077215877921619274,0.02271687688409868,0.27514224569016466,0.007118326706306108,0.01182036834285546,1.3152999447744298
Independent,FedAvg-ST,15.0,200,44.785,23.56,21.225,0.5900980368943218,0.7853333333333333,0.6504034391550181,0.4900336877489494,3.292172306925063,31.575657245394588,3.87,58.05,54.421875,2.8125,0.0071023398451065785,0.00777276438931604,0.022709081785749666,0.2746114313324232,0.0071345057662961665,0.011873768263871858,1.3294098418614897
Independent,FedAvg-ST,20.0,200,44.93,23.565,21.365,0.5879549530402596,0.7855,0.6491542329776996,0.48855530385743245,3.2916705711084044,31.571469473760025,3.49,69.8,49.078125,2.8125,0.007063852344592445,0.007717981536425833,0.02271122271089901,0.27455183782072073,0.007157701532890815,0.011798193817630555,1.3296107791833685
Independent,FedAvg-ST-min,1.0,200,225.64,28.54,197.1,0.13891833557511324,0.9513333333333334,0.23964863347351847,0.13748018800342537,2.8523724528042376,28.85445133220835,14.39,14.39,202.359375,2.8125,0.0042532856707837765,0.0027968824612875903,0.020446178943596696,0.24106896339989084,0.00326427629357969,0.002907252033599358,5.328076010141862
Independent,FedAvg-ST-min,2.0,200,211.305,28.435,182.87,0.14874002623232263,0.9478333333333333,0.25390042818466907,0.14702803993948452,2.8761888321585207,28.977615130435048,9.09,18.18,127.828125,2.8125,0.004606225710571045,0.0030858612483573517,0.019379441660927057,0.23914188827784744,0.0032705775993870727,0.0032082374393885664,5.269568448475247
Independent,FedAvg-ST-min,3.0,200,203.835,28.36,175.475,0.15213225355837875,0.9453333333333334,0.25908999654461745,0.15030195020445444,2.8876895364430033,29.041567919801142,7.365,22.095,103.5703125,2.8125,0.004386201622072328,0.0029506639818030925,0.019086834993725862,0.23902454473012083,0.0033420322005451642,0.00307620023571515,4.867432420366424
Independent,FedAvg-ST-min,5.0,200,197.36,28.265,169.095,0.15561115133041056,0.9421666666666667,0.2641927195673097,0.15363260520901198,2.897887748768491,29.100716770527644,5.875,29.375,82.6171875,2.8125,0.0042973853907409395,0.0029083907273454632,0.018910588424637855,0.2395518665658704,0.003436246345174286,0.00303700313950675,4.540172666231537
Independent,FedAvg-ST-min,8.0,200,195.36,28.235,167.125,0.15642325274100324,0.9411666666666667,0.26544979694905346,0.15441554036036784,2.9022995167819747,29.127511976096294,4.865,38.92,68.4140625,2.8125,0.004213074340762557,0.002856509574693978,0.018825199111924488,0.23971902591076044,0.0034076923852540087,0.0029840794899139264,4.404463473848127
Independent,FedAvg-ST-min,10.0,200,193.895,28.215,165.68,0.15702383961421376,0.9405,0.26636405595278523,0.15499623874713653,2.9036371356846327,29.13597473231453,4.5,45.0,63.28125,2.8125,0.004166447579611784,0.002829556335679454,0.018806152119969853,0.2397593921250673,0.0034068730413089952,0.002956827880618086,4.24977916955102
Independent,FedAvg-ST-min,15.0,200,192.515,28.205,164.31,0.15759313853859727,0.9401666666666667,0.2672432509321379,0.15555988715210087,2.905293211503089,29.144939013358826,3.87,58.05,54.421875,2.8125,0.00412848946643697,0.002808154804739087,0.01876791559198805,0.23968722562880249,0.003410312963037654,0.002934567487551564,4.044898626603328
Independent,FedAvg-ST-min,20.0,200,192.135,28.2,163.935,0.15757661523429786,0.94,0.26724821526814496,0.15554016515285896,2.905832881113105,29.147389067028744,3.49,69.8,49.078125,2.8125,0.004090930216739201,0.0027848237758326044,0.018775849863873494,0.23969564183110503,0.003416058899247314,0.002912101641190277,3.937671923342446
Independent,Local-only,,200,107.34,25.87,81.47,0.2636215032176402,0.8623333333333334,0.3953580529381916,0.24950483612117977,2.8492387135711614,28.79466579111829,0.0,,0.0,0.0,0.005630293626807011,0.004480961629529596,0.020537930024947314,0.24242982998290488,0.004803858025202051,0.005557334075882839,2.4608843448634414
Independent,Local-only-1SE,,200,39.04,19.925,19.115,0.5874773342558417,0.6641666666666667,0.5820967980784582,0.4182770185789652,3.3128564635226905,31.79302127462196,0.0,,0.0,0.0,0.00794148731675939,0.007043823045173481,0.03157319771036098,0.32178834212540475,0.011929762573673043,0.012512174773036764,1.40062512963635
Independent,One-shot,,200,194.005,28.195,165.81,0.15507870864553522,0.9398333333333333,0.26363366783766595,0.15308275758302797,2.906899187118585,29.150635162127738,1.0,,14.0625,0.0,0.004000884531090633,0.0027334509788852087,0.018691370978928513,0.2396838136008584,0.0034380332437525915,0.0028643980307643453,3.5298760601471546
Independent,Pooled,,200,120.615,29.375,91.24,0.25829628163443014,0.9791666666666667,0.40460636002931116,0.25669013996034395,1.9276742417720945,24.355985489471223,,,,0.0,0.005506423435547931,0.004501036209480293,0.0127032966996185,0.197242149286948,0.0017434170674024347,0.0045749042697860376,2.086046939589533
Independent,Pooled-1SE,,200,48.12,27.445,20.675,0.6014575017369252,0.9148333333333334,0.7152658473728043,0.5634459935689933,2.2929922008867702,25.958738200821013,,,,0.0,0.006012220676547629,0.007220724704923664,0.01851797867419884,0.22173189031052684,0.003800566386424718,0.008904115138183183,0.8880434142133133
