scenario,method,E,n,active_m,TP_m,FP_m,precision_m,recall_m,F1_m,jaccard_m,coef_err_m,test_mse_m,rounds_m,local_epochs_m,upload_kib_m,F1_se,jaccard_se,coef_err_se,test_mse_se,recall_se,precision_se,active_se
Correlated,ADMM,,100,48.26,25.79,22.47,0.6007784847635228,0.8596666666666667,0.681437720007195,0.5268915461893693,2.5782067469794265,27.153114840819434,93.82,,1319.34375,0.010868479168565846,0.012421820951734028,0.05094351416693941,0.41455037275950735,0.01050140282435929,0.018005968230694752,1.9360805977045685
Correlated,FedAvg,1.0,100,263.24,28.47,234.77,0.11669107007181333,0.9490000000000001,0.20633298843232978,0.11581966427287338,2.9586925689785777,28.422303884794534,16.48,16.48,231.75,0.004772978623579622,0.0029835675509665236,0.03225604714025773,0.3470193026543349,0.004405256527485293,0.0030364567161399584,8.06703129654236
Correlated,FedAvg,2.0,100,235.42,28.24,207.18,0.1300912937695857,0.9413333333333334,0.22667539641918055,0.12882929475165006,2.9907157829810713,28.617887887604212,10.23,20.46,143.859375,0.005299012078093404,0.0033975068556983475,0.030582286106157278,0.34415393902794095,0.004880617428880608,0.003470262505613187,7.623994287044613
Correlated,FedAvg,3.0,100,222.29,28.11,194.18,0.13645430926693794,0.937,0.23626589801204645,0.13500379587402667,3.0058369983678266,28.70171442595032,8.17,24.51,114.890625,0.005365820131079494,0.003475817903072032,0.029963564119174467,0.34263320336909886,0.004966667796533441,0.0035536009705740626,6.940690953290666
Correlated,FedAvg,5.0,100,211.94,28.04,183.9,0.1414747177381958,0.9346666666666666,0.24389554890710535,0.13988850443840195,3.019664962393546,28.7669868907947,6.48,32.4,91.125,0.005224062495006171,0.003412015087852293,0.02938031478167574,0.3410798778845992,0.004829761829179502,0.0034959418576921415,6.118737903796299
Correlated,FedAvg,8.0,100,206.35,27.96,178.39,0.14374683103440217,0.932,0.24734652903578577,0.14205848305787586,3.027323365092402,28.799457682349335,5.34,42.72,75.09375,0.005013499195697399,0.003292090711450593,0.028989800227271253,0.34015521739307125,0.004783060269778359,0.0033795005074671856,5.503779693001066
Correlated,FedAvg,10.0,100,204.71,27.95,176.76,0.1443307420166618,0.9316666666666668,0.248269988802179,0.14263122161198066,3.0297742974035953,28.810550601515434,4.89,48.9,68.765625,0.004927357843392713,0.0032441796150584805,0.028837542057230308,0.3399766330817427,0.004793724854411024,0.0033302360159510277,5.210135712379682
Correlated,FedAvg,15.0,100,202.58,27.91,174.67,0.1449981690110382,0.9303333333333333,0.24930509415106336,0.14326777014799216,3.0325556023677747,28.823332855618563,4.17,62.55,58.640625,0.004813082664175125,0.0031774634956105666,0.028616196333408707,0.3397438080242537,0.004763662494252404,0.0032619371569245197,4.83499825034178
Correlated,FedAvg,20.0,100,201.55,27.9,173.65,0.1453503444004692,0.93,0.24986434848706074,0.1436117080567344,3.0336279213946495,28.82798724750021,3.76,75.2,52.875,0.0047494624663357975,0.003140285783189166,0.028522854728871064,0.33960473912680056,0.004866339179978144,0.003223633016826143,4.6509991323685425
Correlated,FedAvg-ST,1.0,100,59.27,24.15,35.12,0.45695148442365524,0.805,0.5648298352255892,0.4008986079194592,3.220206022850371,30.69782772132344,17.48,16.48,245.8125,0.010465042616174598,0.010198341659917481,0.035814040858753574,0.3940973705446227,0.008480187512485414,0.014371246742148977,2.3354905612346544
Correlated,FedAvg-ST,2.0,100,59.78,23.97,35.81,0.45239423563234515,0.799,0.5596240927772794,0.3958534891766003,3.256870076241478,30.914125589921113,11.23,20.46,157.921875,0.010550897889594395,0.010148443648148547,0.03399172288341335,0.38585567184211783,0.00782030222074528,0.014301205480463016,2.4509153103658767
Correlated,FedAvg-ST,3.0,100,59.43,23.98,35.45,0.4480567363060883,0.7993333333333333,0.5584308113759492,0.3941879717758407,3.2712612411637987,30.999791950596205,9.17,24.51,128.953125,0.010151420137389225,0.009804572845752063,0.033016969681550455,0.381664172888897,0.00788497555520452,0.013386059134322014,2.2428451898101547
Correlated,FedAvg-ST,5.0,100,59.94,23.87,36.07,0.4378443983875353,0.7956666666666666,0.5506838597357242,0.3859338361453449,3.282714116071755,31.052068250900703,7.48,32.4,105.1875,0.009570774812705173,0.009169653435969998,0.03225736774970908,0.37999954576853207,0.008007502094083801,0.01238278877419008,2.183631485541107
Correlated,FedAvg-ST,8.0,100,60.95,23.87,37.08,0.4316096703019533,0.7956666666666666,0.5459494511853276,0.3815786920914874,3.2867568766660673,31.06556392311839,6.34,42.72,89.15625,0.009717768198561785,0.00927148443763236,0.03190227510563299,0.37874737383131757,0.007425726505966546,0.012333684363814176,2.284173700695614
Correlated,FedAvg-ST,10.0,100,61.07,23.85,37.22,0.4304527628860455,0.795,0.5447242430013957,0.38040598279147775,3.288962210863596,31.076659417470047,5.89,48.9,82.828125,0.00970951116305503,0.009264525066500832,0.03175032125188776,0.37836582644419076,0.0074667237852553145,0.012352524841633739,2.2777028566145994
Correlated,FedAvg-ST,15.0,100,60.91,23.86,37.05,0.43121166592425775,0.7953333333333333,0.5454704288028283,0.3810671144981426,3.2919730717113818,31.09293272006561,5.17,62.55,72.703125,0.009671792143534723,0.009229446298979154,0.03148071859294432,0.3776050264650171,0.007416122818936075,0.012365987329593894,2.223569566296862
Correlated,FedAvg-ST,20.0,100,61.38,23.88,37.5,0.4277594995547277,0.7959999999999999,0.5431305813224618,0.37862437004999827,3.290946814380999,31.084286926987744,4.76,75.2,66.9375,0.009535438153889896,0.00901231406987457,0.03152404087796069,0.37805214987672053,0.007450246495217871,0.012019073175911155,2.255846724501566
Correlated,Local-only,,100,107.69,25.37,82.32,0.25211362240240065,0.8456666666666667,0.38268904397149994,0.23923147026697691,3.0287856552756556,28.914321558016756,0.0,,0.0,0.007355197666351258,0.005811754659575053,0.029646779616120167,0.3389482765194327,0.006892716434242248,0.006631377184247341,2.9623801173374016
Correlated,One-shot,,100,198.81,27.89,170.92,0.14635291133661393,0.9296666666666666,0.2514776512066881,0.14459399500849007,3.0359033556995514,28.834869282898,1.0,,14.0625,0.004526777180164184,0.0030099169221463784,0.028497624311894624,0.3395085403979621,0.0048291808471334985,0.003091171317860808,4.177856368807315
Correlated,Pooled,,100,121.06,29.03,92.03,0.25462169206145085,0.9676666666666667,0.3988196661740617,0.252016604839521,2.0864604454552516,24.605426412294502,,,,0.007657027649038072,0.006225699802039603,0.020663367570285796,0.2768463778808374,0.003297960462145741,0.006432428492902439,3.04368264449565
Heterogeneous,ADMM,,100,44.01,19.39,24.62,0.6032562858418106,0.6463333333333334,0.536992382060502,0.37925607849656984,3.332714543259152,42.27654543786885,66.08,,929.25,0.01434073791773642,0.01266327367335639,0.06344239751867811,0.6516463018406466,0.0228393845357273,0.02443585367838283,3.2345200883624448
Heterogeneous,FedAvg,1.0,100,258.47,28.29,230.18,0.12084695094429854,0.943,0.21223476580611408,0.11969527861298426,3.054828859824343,40.04655179303262,14.25,14.25,200.390625,0.00530558825756353,0.003339213708274026,0.029885456267831314,0.46447866465243315,0.005020608483027022,0.003427934846610911,9.724284450837915
Heterogeneous,FedAvg,2.0,100,230.45,28.17,202.28,0.1368224521200968,0.9390000000000001,0.23617463151264492,0.1352298889872069,3.066228409197029,40.09578499389072,9.11,18.22,128.109375,0.006059384222336594,0.00391847293356336,0.028279710279825034,0.4621369637480443,0.004762719987937742,0.004043555080510265,9.612968670845998
Heterogeneous,FedAvg,3.0,100,218.01,28.04,189.97,0.14324380867824624,0.9346666666666666,0.24575608455681297,0.14140246873729084,3.0765726429437668,40.14741546366691,7.58,22.74,106.59375,0.005981294348474813,0.0038869448342475034,0.0278413322278112,0.4628576318696291,0.0048760161103985735,0.004025768349816807,9.19137161261648
Heterogeneous,FedAvg,5.0,100,206.2,27.86,178.34,0.1492938031928424,0.9286666666666668,0.25462573473831707,0.14717292932980958,3.0869397666337197,40.1928536114609,6.22,31.1,87.46875,0.005893545447228674,0.003855026628775646,0.02762850378366614,0.4638590196905585,0.005036789457175544,0.004004251964276837,8.519697912793184
Heterogeneous,FedAvg,8.0,100,200.16,27.73,172.43,0.15184538057615096,0.9243333333333333,0.2583323647827496,0.1495613055251406,3.092750197855051,40.21855512530691,5.34,42.72,75.09375,0.005757702517360311,0.003783474019355305,0.027543917854516018,0.4644347664631481,0.004965763820952122,0.0039372852642814956,7.893440826458895
Heterogeneous,FedAvg,10.0,100,198.01,27.74,170.27,0.15275136220590757,0.9246666666666666,0.2597446500867832,0.15044975741972377,3.0947683838775983,40.22711986818555,5.0,50.0,70.3125,0.005645089177447559,0.003720163474240222,0.027533182790733707,0.46449202891730706,0.005072316538005924,0.0038747960507030657,7.550884555848909
Heterogeneous,FedAvg,15.0,100,195.35,27.69,167.66,0.15378155504699426,0.9229999999999999,0.2612801664887697,0.15143873565394148,3.097248590443751,40.2370765566709,4.42,66.3,62.15625,0.005573399314163071,0.0036826969073839727,0.027518094412700703,0.4644684764982806,0.0049847128818046454,0.0038352496670613313,7.124610568836429
Heterogeneous,FedAvg,20.0,100,193.96,27.68,166.28,0.1542286901086123,0.9226666666666666,0.26197232257395925,0.15187564683154536,3.0983720965442507,40.24088732935797,3.98,79.6,55.96875,0.005513993838176024,0.0036532154145729853,0.02750982401655849,0.46448387376293027,0.0050113227575184615,0.0038042421727993137,6.805937989666959
Heterogeneous,FedAvg-ST,1.0,100,23.46,17.8,5.66,0.8300536991260012,0.5933333333333333,0.6535358548633414,0.5008982944104079,3.7202457084014027,44.93422136081212,15.25,14.25,214.453125,0.015515865178849484,0.013840484555057715,0.041740818750890155,0.5563506205379026,0.01841655430591743,0.01586926451812879,1.2557278866269257
Heterogeneous,FedAvg-ST,2.0,100,24.05,18.1,5.95,0.8240778341316066,0.6033333333333333,0.6602442759099313,0.5059219561948191,3.726897016656591,44.96454615280357,10.11,18.22,142.171875,0.013905253244806837,0.012941396178779579,0.04023415500080005,0.5545723582136876,0.017385185328645067,0.016112296559486223,1.2134244887503256
Heterogeneous,FedAvg-ST,3.0,100,24.33,18.15,6.18,0.8177440172377785,0.605,0.6598492677116073,0.5052121023056922,3.729156881287352,44.9734052185389,8.58,22.74,120.65625,0.01364018600063699,0.012945132785260998,0.03978585735588805,0.5565107586264697,0.017078251276599333,0.01662945797334512,1.198235655815953
Heterogeneous,FedAvg-ST,5.0,100,24.53,18.18,6.35,0.8152147796731437,0.606,0.6580449130461374,0.502272588763155,3.741451313125061,45.06335530030622,7.22,31.1,101.53125,0.013198204812450041,0.012435224664052997,0.03958770460850264,0.5574648026211828,0.017176576852450134,0.01706055709817378,1.2046588854538987
Heterogeneous,FedAvg-ST,8.0,100,25.23,18.16,7.07,0.8086711914634523,0.6053333333333333,0.6528755064853518,0.49710587728296063,3.7462258349318267,45.10288000926009,6.34,42.72,89.15625,0.013485146050431464,0.012782651554581435,0.04013692787709374,0.5597308162366682,0.017347831284647185,0.01801398428056649,1.4488487244231627
Heterogeneous,FedAvg-ST,10.0,100,25.29,18.17,7.12,0.8077763011352552,0.6056666666666666,0.65263134039771,0.49679619956104887,3.7479626407983218,45.11479660707645,6.0,50.0,84.375,0.013469730304921957,0.012756446645176665,0.04008558175163141,0.5598577578650231,0.017311142231011562,0.01810825629362626,1.4477635138099012
Heterogeneous,FedAvg-ST,15.0,100,25.31,18.13,7.18,0.8073701294800202,0.6043333333333333,0.6510231595392981,0.49531479222784386,3.753546133942655,45.15699978267649,5.42,66.3,76.21875,0.013618630195141994,0.01292046201414377,0.04012849033002109,0.5605783956383807,0.01742487482383339,0.018300284732210893,1.4649918122982837
Heterogeneous,FedAvg-ST,20.0,100,25.35,18.16,7.19,0.8073787655948282,0.6053333333333333,0.6520462523043743,0.4961858723863097,3.752037387280081,45.14258947736321,4.98,79.6,70.03125,0.013491895451904176,0.012775352577770464,0.03991832622539899,0.5581581775054467,0.017237497298950133,0.01835651598944995,1.4590279730912035
Heterogeneous,Local-only,,100,105.49,25.89,79.6,0.2604393473192909,0.863,0.3950547836322032,0.24851750295108388,2.8452748894433744,39.227999059974444,0.0,,0.0,0.006994050955134296,0.005497080173310198,0.026513281216723483,0.43964421057548014,0.007353431290194964,0.006217388206647207,2.8507130066817754
Heterogeneous,One-shot,,100,185.3,27.67,157.63,0.15668888033251174,0.9223333333333333,0.266006314372386,0.15430790659062757,3.1000412625090057,40.24525339818994,1.0,,14.0625,0.0048337591741017105,0.003267618032703476,0.02758365682238146,0.46489004223383884,0.004970282054743342,0.0034189923980962604,4.287908769570734
Heterogeneous,Pooled,,100,116.14,26.63,89.51,0.2561381467507598,0.8876666666666666,0.3882912060016844,0.24518085596619635,2.771950200426707,38.54901170515139,,,,0.009312119388682497,0.007473654958154503,0.02551664209807408,0.4425273872669607,0.00744082529243549,0.008458918894336323,4.0826565920347555
Independent,ADMM,,100,43.59,26.26,17.33,0.6811154638958489,0.8753333333333333,0.7380396861400088,0.5968509094059867,2.506057788678495,27.19198695335839,58.69,,825.328125,0.011332178277761557,0.013596608251852205,0.0505189146303031,0.42671144056517785,0.011005763208132837,0.019239373308355436,1.9259050083039142
Independent,FedAvg,1.0,100,253.58,28.66,224.92,0.12477016146335769,0.9553333333333334,0.21827894627656352,0.12383026196768533,2.8471266483856836,28.816898769098394,14.56,14.56,204.75,0.006026103383224606,0.003950211537820993,0.029441006333366666,0.3525146952536491,0.0040816580772931816,0.004032625646954912,8.575536971142643
Independent,FedAvg,2.0,100,230.01,28.49,201.52,0.13702390064612827,0.9496666666666667,0.2367658671533846,0.1358827997832772,2.876285467962511,28.979835309966155,9.17,18.34,128.953125,0.0065357157941309816,0.004379369583470559,0.027894478578128927,0.34672771778742284,0.004250701401156727,0.004447207768934697,8.050340290191388
Independent,FedAvg,3.0,100,219.67,28.36,191.31,0.14209202164396006,0.9453333333333334,0.2443230152338736,0.14077682883304693,2.8902899435737304,29.05868229659234,7.4,22.2,104.0625,0.00651713149766054,0.004405116252227043,0.02739214488326461,0.3448883743227295,0.004277679390184312,0.004476772060704858,7.60503627655232
Independent,FedAvg,5.0,100,211.24,28.27,182.97,0.14567524153113484,0.9423333333333334,0.24979111091865602,0.14420532699979158,2.9013741355641964,29.121237332052278,5.95,29.75,83.671875,0.006219590549758747,0.004229515990875623,0.02704439291882888,0.34364675803296363,0.004286459771622424,0.004308527769827254,6.941270515088457
Independent,FedAvg,8.0,100,207.23,28.23,179.0,0.14729932107202848,0.941,0.2522753677466127,0.14576686229511832,2.906258662350469,29.15088798683592,5.01,40.08,70.453125,0.006067577188624071,0.004146259387691245,0.026896634073319613,0.34280906719949616,0.004364302698844118,0.004225411679160942,6.467304795131533
Independent,FedAvg,10.0,100,205.82,28.22,177.6,0.14781084193692468,0.9406666666666667,0.25307480645638114,0.14626774953147947,2.9076264385856616,29.15932868913249,4.64,46.4,65.25,0.006011909805205502,0.004115481630418123,0.02684939906030395,0.34243196878490434,0.0044590668549160115,0.004193858763064225,6.221669203418619
Independent,FedAvg,15.0,100,203.93,28.2,175.73,0.14836677252767105,0.94,0.25396152527279897,0.14680666296694858,2.9091876315677023,29.168261851920775,3.98,59.7,55.96875,0.0059086461423933185,0.004057788405326604,0.026768032609124387,0.34179235348589887,0.00449466574975495,0.0041348426607153935,5.857831760070695
Independent,FedAvg,20.0,100,203.05,28.21,174.84,0.1487329233019052,0.9403333333333334,0.2545558756932083,0.14717215942701448,2.9099407712594125,29.172429557606122,3.61,72.2,50.765625,0.00584871181388911,0.004023658306245162,0.026706891110265578,0.3414258027847762,0.004401178293408524,0.004100995450730786,5.689017862726769
Independent,FedAvg-ST,1.0,100,45.38,24.02,21.36,0.5764449872663645,0.8006666666666666,0.6543070632887948,0.49336354700837576,3.2080279682162165,31.03248213111504,15.56,14.56,218.8125,0.009464630706055506,0.010298243916183784,0.033248129688646294,0.39804739463818384,0.008233134991272267,0.014794448568674616,1.6160045504486384
Independent,FedAvg-ST,2.0,100,44.78,23.9,20.88,0.5817786341185266,0.7966666666666667,0.6562115122705785,0.4952538818884759,3.2436734220978938,31.249556060823956,10.17,18.34,143.015625,0.009327703825896901,0.01011973089159613,0.032085276779057904,0.3945201544241303,0.00867805519545184,0.014613429773051146,1.670031754370575
Independent,FedAvg-ST,3.0,100,44.85,23.88,20.97,0.5802101093443635,0.7959999999999999,0.6549662608689698,0.49404115283356487,3.2558418528021225,31.319357781850286,8.4,22.2,118.125,0.00943393167660192,0.010248625617549998,0.03138997337833568,0.39238888054804216,0.008623305149113367,0.014687914250593884,1.6415301435310938
Independent,FedAvg-ST,5.0,100,45.63,23.85,21.78,0.5675865084674416,0.795,0.6463361894722162,0.4842354072220424,3.2643817359010487,31.369767401734258,6.95,29.75,97.734375,0.009244455512440457,0.010035984425912678,0.030834471431688663,0.3897023483670319,0.008637544960260196,0.014465223013201153,1.5736244594546498
Independent,FedAvg-ST,8.0,100,46.07,23.9,22.17,0.5653023581460686,0.7966666666666667,0.6446404645957657,0.4825970124400336,3.267008061720465,31.386506755629185,6.01,40.08,84.515625,0.00937668270419415,0.010213379299293338,0.03061929918687006,0.3897369701569285,0.00863916901686198,0.014787589114606542,1.6096461120571215
Independent,FedAvg-ST,10.0,100,45.99,23.86,22.13,0.5659404159881923,0.7953333333333333,0.6444485470360884,0.48250815516449036,3.2684217116455967,31.39612290329183,5.64,46.4,79.3125,0.00946891914603054,0.010289831384827275,0.03067485743663637,0.38976285789106063,0.008684777761042484,0.01493043953420923,1.6144233107405956
Independent,FedAvg-ST,15.0,100,45.97,23.86,22.11,0.5654917382206422,0.7953333333333333,0.6443782473137998,0.48223728165334384,3.2707032537244167,31.410271955810764,4.98,59.7,70.03125,0.00933447439561986,0.010152476177754086,0.0305187206917508,0.3885925320649007,0.008658893172711565,0.01474918086128876,1.6174212546988231
Independent,FedAvg-ST,20.0,100,46.01,23.85,22.16,0.5652797210033108,0.795,0.643939695262864,0.4818572209739397,3.2714183056879773,31.414633990698952,4.61,72.2,64.828125,0.009394664591624587,0.010232068010039562,0.03044886103474914,0.38807850623205936,0.008663493332529519,0.014857107161577036,1.6215402953034899
Independent,Local-only,,100,105.49,25.89,79.6,0.2604393473192909,0.863,0.3950547836322032,0.24851750295108388,2.8452748894433744,28.813168570687523,0.0,,0.0,0.006994050955134296,0.005497080173310198,0.026513281216723483,0.33022427804816257,0.007353431290194964,0.006217388206647207,2.8507130066817754
Independent,One-shot,,100,198.39,28.19,170.2,0.15006039667959248,0.9396666666666667,0.2567322546390225,0.1484840713614639,2.9130097317553845,29.183156336673623,1.0,,14.0625,0.005548609648853506,0.00385736217313309,0.02638444169914373,0.3403133536420632,0.004436735739026764,0.003931982165969448,4.4441516443955695
Independent,Pooled,,100,127.64,29.32,98.32,0.24557527737120752,0.9773333333333334,0.38786797647721694,0.2438687209139278,1.9359445370566193,24.430191443724176,,,,0.008134147181192078,0.0065758340743526855,0.017021980134216692,0.27283848350484724,0.002954195783503985,0.006717830589163227,3.256059463880111
