active,TP,FP,FN,TN,precision,recall,F1,jaccard,coef_err,test_mse,rule,E,seed,converged,rounds,kib,lambda1,lambda2,lambda3
276,30,246,0,324,0.108695652,1,0.196078431,0.108695652,0.581766762,1.790595942,val_mse,1,1,TRUE,13,182.8125,0.078804628,0.078804628,0.041753189
255,30,225,0,345,0.117647059,1,0.210526316,0.117647059,0.709570467,1.948800071,val_mse,3,1,TRUE,8,112.5,0.078804628,0.078804628,0.041753189
232,30,202,0,368,0.129310345,1,0.229007634,0.129310345,0.748870423,2.011926244,val_mse,5,1,TRUE,7,98.4375,0.078804628,0.078804628,0.041753189
227,30,197,0,373,0.13215859,1,0.233463035,0.13215859,0.787623448,2.076164813,val_mse,10,1,TRUE,6,84.375,0.078804628,0.078804628,0.041753189
216,30,186,0,384,0.138888889,1,0.243902439,0.138888889,0.812730126,2.125785897,val_mse,20,1,TRUE,5,70.3125,0.078804628,0.078804628,0.041753189
154,30,124,0,446,0.194805195,1,0.326086957,0.194805195,0.752865051,2.082471191,val_1se,1,1,TRUE,11,154.6875,0.108263673,0.108263673,0.108263673
154,30,124,0,446,0.194805195,1,0.326086957,0.194805195,0.884153155,2.292717271,val_1se,3,1,TRUE,7,98.4375,0.108263673,0.108263673,0.108263673
151,30,121,0,449,0.198675497,1,0.331491713,0.198675497,0.918050894,2.352782215,val_1se,5,1,TRUE,6,84.375,0.108263673,0.108263673,0.108263673
147,30,117,0,453,0.204081633,1,0.338983051,0.204081633,0.941969834,2.400590862,val_1se,10,1,TRUE,5,70.3125,0.108263673,0.108263673,0.108263673
147,30,117,0,453,0.204081633,1,0.338983051,0.204081633,0.948425484,2.413882169,val_1se,20,1,TRUE,4,56.25,0.108263673,0.108263673,0.108263673
600,30,570,0,0,0.05,1,0.095238095,0.05,7.60E+57,5.92E+115,BIC,1,1,FALSE,3000,42187.5,1.00E-04,1.00E-04,1.00E-04
600,30,570,0,0,0.05,1,0.095238095,0.05,4.06E+65,1.91E+131,BIC,3,1,FALSE,3000,42187.5,1.00E-04,1.00E-04,1.00E-04
600,30,570,0,0,0.05,1,0.095238095,0.05,1.06E+67,1.34E+134,BIC,5,1,FALSE,3000,42187.5,1.00E-04,1.00E-04,1.00E-04
600,30,570,0,0,0.05,1,0.095238095,0.05,1.17E+66,1.68E+132,BIC,10,1,FALSE,3000,42187.5,1.00E-04,1.00E-04,1.00E-04
600,30,570,0,0,0.05,1,0.095238095,0.05,4.53E+65,2.73E+131,BIC,20,1,FALSE,3000,42187.5,1.00E-04,1.00E-04,1.00E-04
600,30,570,0,0,0.05,1,0.095238095,0.05,7.60E+57,5.92E+115,EBIC_g05,1,1,FALSE,3000,42187.5,1.00E-04,1.00E-04,1.00E-04
600,30,570,0,0,0.05,1,0.095238095,0.05,4.06E+65,1.91E+131,EBIC_g05,3,1,FALSE,3000,42187.5,1.00E-04,1.00E-04,1.00E-04
600,30,570,0,0,0.05,1,0.095238095,0.05,1.06E+67,1.34E+134,EBIC_g05,5,1,FALSE,3000,42187.5,1.00E-04,1.00E-04,1.00E-04
600,30,570,0,0,0.05,1,0.095238095,0.05,1.17E+66,1.68E+132,EBIC_g05,10,1,FALSE,3000,42187.5,1.00E-04,1.00E-04,1.00E-04
600,30,570,0,0,0.05,1,0.095238095,0.05,4.53E+65,2.73E+131,EBIC_g05,20,1,FALSE,3000,42187.5,1.00E-04,1.00E-04,1.00E-04
600,30,570,0,0,0.05,1,0.095238095,0.05,7.60E+57,5.92E+115,EBIC_g10,1,1,FALSE,3000,42187.5,1.00E-04,1.00E-04,1.00E-04
600,30,570,0,0,0.05,1,0.095238095,0.05,4.06E+65,1.91E+131,EBIC_g10,3,1,FALSE,3000,42187.5,1.00E-04,1.00E-04,1.00E-04
600,30,570,0,0,0.05,1,0.095238095,0.05,1.06E+67,1.34E+134,EBIC_g10,5,1,FALSE,3000,42187.5,1.00E-04,1.00E-04,1.00E-04
600,30,570,0,0,0.05,1,0.095238095,0.05,1.17E+66,1.68E+132,EBIC_g10,10,1,FALSE,3000,42187.5,1.00E-04,1.00E-04,1.00E-04
600,30,570,0,0,0.05,1,0.095238095,0.05,4.53E+65,2.73E+131,EBIC_g10,20,1,FALSE,3000,42187.5,1.00E-04,1.00E-04,1.00E-04
46,30,16,0,554,0.652173913,1,0.789473684,0.652173913,3.400436099,13.80811397,oracle_F1,1,1,TRUE,9,126.5625,0.529831691,0.529831691,0.727895384
49,30,19,0,551,0.612244898,1,0.759493671,0.612244898,3.562867593,14.89941839,oracle_F1,3,1,TRUE,5,70.3125,0.529831691,0.529831691,0.727895384
49,30,19,0,551,0.612244898,1,0.759493671,0.612244898,3.580144586,15.02531829,oracle_F1,5,1,TRUE,4,56.25,0.529831691,0.529831691,0.727895384
49,30,19,0,551,0.612244898,1,0.759493671,0.612244898,3.582471853,15.04342284,oracle_F1,10,1,TRUE,3,42.1875,0.529831691,0.529831691,0.727895384
49,30,19,0,551,0.612244898,1,0.759493671,0.612244898,3.58248134,15.04350371,oracle_F1,20,1,TRUE,2,28.125,0.529831691,0.529831691,0.727895384
384,30,354,0,216,0.078125,1,0.144927536,0.078125,0.447594596,1.215371373,val_mse,1,2,TRUE,18,253.125,0.041753189,0.057361525,0.041753189
351,30,321,0,249,0.085470085,1,0.157480315,0.085470085,0.5931552,1.381996503,val_mse,3,2,TRUE,10,140.625,0.041753189,0.057361525,0.041753189
338,30,308,0,262,0.088757396,1,0.163043478,0.088757396,0.656388572,1.494649644,val_mse,5,2,TRUE,9,126.5625,0.041753189,0.057361525,0.041753189
322,30,292,0,278,0.093167702,1,0.170454545,0.093167702,0.717451514,1.606049319,val_mse,10,2,TRUE,7,98.4375,0.041753189,0.057361525,0.041753189
315,30,285,0,285,0.095238095,1,0.173913043,0.095238095,0.75065089,1.661656841,val_mse,20,2,TRUE,6,84.375,0.041753189,0.057361525,0.041753189
155,30,125,0,445,0.193548387,1,0.324324324,0.193548387,0.760228453,1.666626803,val_1se,1,2,TRUE,11,154.6875,0.108263673,0.108263673,0.148735211
157,30,127,0,443,0.191082803,1,0.320855615,0.191082803,0.934436044,2.01965232,val_1se,3,2,TRUE,7,98.4375,0.108263673,0.108263673,0.148735211
160,30,130,0,440,0.1875,1,0.315789474,0.1875,0.981762503,2.125275286,val_1se,5,2,TRUE,6,84.375,0.108263673,0.108263673,0.148735211
159,30,129,0,441,0.188679245,1,0.317460317,0.188679245,1.019519482,2.216452001,val_1se,10,2,TRUE,4,56.25,0.108263673,0.108263673,0.148735211
158,30,128,0,442,0.189873418,1,0.319148936,0.189873418,1.029388282,2.241023896,val_1se,20,2,TRUE,3,42.1875,0.108263673,0.108263673,0.148735211
600,30,570,0,0,0.05,1,0.095238095,0.05,6.13E+55,3.46E+111,BIC,1,2,FALSE,3000,42187.5,1.00E-04,1.00E-04,1.00E-04
600,30,570,0,0,0.05,1,0.095238095,0.05,1.41E+56,1.81E+112,BIC,3,2,FALSE,3000,42187.5,1.00E-04,1.00E-04,1.00E-04
600,30,570,0,0,0.05,1,0.095238095,0.05,1.25E+56,1.45E+112,BIC,5,2,FALSE,3000,42187.5,1.00E-04,1.00E-04,1.00E-04
600,30,570,0,0,0.05,1,0.095238095,0.05,1.21E+55,1.43E+110,BIC,10,2,FALSE,3000,42187.5,1.00E-04,1.00E-04,1.00E-04
600,30,570,0,0,0.05,1,0.095238095,0.05,1.85E+54,3.24E+108,BIC,20,2,FALSE,3000,42187.5,1.00E-04,1.00E-04,1.00E-04
600,30,570,0,0,0.05,1,0.095238095,0.05,6.13E+55,3.46E+111,EBIC_g05,1,2,FALSE,3000,42187.5,1.00E-04,1.00E-04,1.00E-04
600,30,570,0,0,0.05,1,0.095238095,0.05,1.41E+56,1.81E+112,EBIC_g05,3,2,FALSE,3000,42187.5,1.00E-04,1.00E-04,1.00E-04
600,30,570,0,0,0.05,1,0.095238095,0.05,1.25E+56,1.45E+112,EBIC_g05,5,2,FALSE,3000,42187.5,1.00E-04,1.00E-04,1.00E-04
600,30,570,0,0,0.05,1,0.095238095,0.05,1.21E+55,1.43E+110,EBIC_g05,10,2,FALSE,3000,42187.5,1.00E-04,1.00E-04,1.00E-04
600,30,570,0,0,0.05,1,0.095238095,0.05,1.85E+54,3.24E+108,EBIC_g05,20,2,FALSE,3000,42187.5,1.00E-04,1.00E-04,1.00E-04
600,30,570,0,0,0.05,1,0.095238095,0.05,6.13E+55,3.46E+111,EBIC_g10,1,2,FALSE,3000,42187.5,1.00E-04,1.00E-04,1.00E-04
600,30,570,0,0,0.05,1,0.095238095,0.05,1.41E+56,1.81E+112,EBIC_g10,3,2,FALSE,3000,42187.5,1.00E-04,1.00E-04,1.00E-04
600,30,570,0,0,0.05,1,0.095238095,0.05,1.25E+56,1.45E+112,EBIC_g10,5,2,FALSE,3000,42187.5,1.00E-04,1.00E-04,1.00E-04
600,30,570,0,0,0.05,1,0.095238095,0.05,1.21E+55,1.43E+110,EBIC_g10,10,2,FALSE,3000,42187.5,1.00E-04,1.00E-04,1.00E-04
600,30,570,0,0,0.05,1,0.095238095,0.05,1.85E+54,3.24E+108,EBIC_g10,20,2,FALSE,3000,42187.5,1.00E-04,1.00E-04,1.00E-04
54,30,24,0,546,0.555555556,1,0.714285714,0.555555556,3.276498986,12.20575321,oracle_F1,1,2,TRUE,10,140.625,0.529831691,0.385662042,0.727895384
63,30,33,0,537,0.476190476,1,0.64516129,0.476190476,3.490474836,13.6945369,oracle_F1,3,2,TRUE,5,70.3125,0.529831691,0.385662042,0.727895384
65,30,35,0,535,0.461538462,1,0.631578947,0.461538462,3.524839991,13.94128728,oracle_F1,5,2,TRUE,4,56.25,0.529831691,0.385662042,0.727895384
65,30,35,0,535,0.461538462,1,0.631578947,0.461538462,3.535290211,14.0204705,oracle_F1,10,2,TRUE,3,42.1875,0.529831691,0.385662042,0.727895384
65,30,35,0,535,0.461538462,1,0.631578947,0.461538462,3.535725751,14.02391279,oracle_F1,20,2,TRUE,2,28.125,0.529831691,0.385662042,0.727895384
592,30,562,0,8,0.050675676,1,0.096463023,0.050675676,0.548249324,1.458661994,val_mse,1,3,TRUE,22,309.375,0.041753189,0.057361525,1.00E-04
591,30,561,0,9,0.050761421,1,0.096618357,0.050761421,0.612345822,1.572914301,val_mse,3,3,TRUE,12,168.75,0.041753189,0.057361525,1.00E-04
593,30,563,0,7,0.050590219,1,0.096308186,0.050590219,0.632318514,1.605733375,val_mse,5,3,TRUE,10,140.625,0.041753189,0.057361525,1.00E-04
586,30,556,0,14,0.051194539,1,0.097402597,0.051194539,0.645260181,1.623729248,val_mse,10,3,TRUE,9,126.5625,0.041753189,0.057361525,1.00E-04
577,30,547,0,23,0.051993068,1,0.098846787,0.051993068,0.64763425,1.624948916,val_mse,20,3,TRUE,9,126.5625,0.041753189,0.057361525,1.00E-04
227,30,197,0,373,0.13215859,1,0.233463035,0.13215859,0.64101368,1.462697432,val_1se,1,3,TRUE,13,182.8125,0.078804628,0.078804628,0.078804628
220,30,190,0,380,0.136363636,1,0.24,0.136363636,0.771815195,1.627322255,val_1se,3,3,TRUE,8,112.5,0.078804628,0.078804628,0.078804628
215,30,185,0,385,0.139534884,1,0.244897959,0.139534884,0.813406914,1.676603438,val_1se,5,3,TRUE,7,98.4375,0.078804628,0.078804628,0.078804628
212,30,182,0,388,0.141509434,1,0.247933884,0.141509434,0.848132617,1.723001658,val_1se,10,3,TRUE,6,84.375,0.078804628,0.078804628,0.078804628
209,30,179,0,391,0.14354067,1,0.251046025,0.14354067,0.859506841,1.743207967,val_1se,20,3,TRUE,5,70.3125,0.078804628,0.078804628,0.078804628
600,30,570,0,0,0.05,1,0.095238095,0.05,1.61E+57,2.62E+114,BIC,1,3,FALSE,3000,42187.5,1.00E-04,1.00E-04,1.00E-04
600,30,570,0,0,0.05,1,0.095238095,0.05,2.05E+66,3.78E+132,BIC,3,3,FALSE,3000,42187.5,1.00E-04,1.00E-04,1.00E-04
600,30,570,0,0,0.05,1,0.095238095,0.05,4.38E+67,1.96E+135,BIC,5,3,FALSE,3000,42187.5,1.00E-04,1.00E-04,1.00E-04
600,30,570,0,0,0.05,1,0.095238095,0.05,1.02E+68,1.03E+136,BIC,10,3,FALSE,3000,42187.5,1.00E-04,1.00E-04,1.00E-04
600,30,570,0,0,0.05,1,0.095238095,0.05,5.00E+67,2.58E+135,BIC,20,3,FALSE,3000,42187.5,1.00E-04,1.00E-04,1.00E-04
600,30,570,0,0,0.05,1,0.095238095,0.05,1.61E+57,2.62E+114,EBIC_g05,1,3,FALSE,3000,42187.5,1.00E-04,1.00E-04,1.00E-04
600,30,570,0,0,0.05,1,0.095238095,0.05,2.05E+66,3.78E+132,EBIC_g05,3,3,FALSE,3000,42187.5,1.00E-04,1.00E-04,1.00E-04
600,30,570,0,0,0.05,1,0.095238095,0.05,4.38E+67,1.96E+135,EBIC_g05,5,3,FALSE,3000,42187.5,1.00E-04,1.00E-04,1.00E-04
600,30,570,0,0,0.05,1,0.095238095,0.05,1.02E+68,1.03E+136,EBIC_g05,10,3,FALSE,3000,42187.5,1.00E-04,1.00E-04,1.00E-04
600,30,570,0,0,0.05,1,0.095238095,0.05,5.00E+67,2.58E+135,EBIC_g05,20,3,FALSE,3000,42187.5,1.00E-04,1.00E-04,1.00E-04
600,30,570,0,0,0.05,1,0.095238095,0.05,1.61E+57,2.62E+114,EBIC_g10,1,3,FALSE,3000,42187.5,1.00E-04,1.00E-04,1.00E-04
600,30,570,0,0,0.05,1,0.095238095,0.05,2.05E+66,3.78E+132,EBIC_g10,3,3,FALSE,3000,42187.5,1.00E-04,1.00E-04,1.00E-04
600,30,570,0,0,0.05,1,0.095238095,0.05,4.38E+67,1.96E+135,EBIC_g10,5,3,FALSE,3000,42187.5,1.00E-04,1.00E-04,1.00E-04
600,30,570,0,0,0.05,1,0.095238095,0.05,1.02E+68,1.03E+136,EBIC_g10,10,3,FALSE,3000,42187.5,1.00E-04,1.00E-04,1.00E-04
600,30,570,0,0,0.05,1,0.095238095,0.05,5.00E+67,2.58E+135,EBIC_g10,20,3,FALSE,3000,42187.5,1.00E-04,1.00E-04,1.00E-04
50,30,20,0,550,0.6,1,0.75,0.6,3.503168193,11.14629402,oracle_F1,1,3,TRUE,9,126.5625,0.529831691,0.727895384,0.385662042
51,30,21,0,549,0.588235294,1,0.740740741,0.588235294,3.64364204,11.87663515,oracle_F1,3,3,TRUE,5,70.3125,0.529831691,0.727895384,0.385662042
52,30,22,0,548,0.576923077,1,0.731707317,0.576923077,3.667217899,12.00905467,oracle_F1,5,3,TRUE,4,56.25,0.529831691,0.727895384,0.385662042
52,30,22,0,548,0.576923077,1,0.731707317,0.576923077,3.677119138,12.06477202,oracle_F1,10,3,TRUE,3,42.1875,0.529831691,0.727895384,0.385662042
52,30,22,0,548,0.576923077,1,0.731707317,0.576923077,3.677705608,12.06777912,oracle_F1,20,3,TRUE,3,42.1875,0.529831691,0.727895384,0.385662042
318,30,288,0,282,0.094339623,1,0.172413793,0.094339623,0.589769573,1.393721071,val_mse,1,4,TRUE,15,210.9375,0.057361525,0.078804628,0.041753189
278,30,248,0,322,0.107913669,1,0.194805195,0.107913669,0.720171268,1.570687175,val_mse,3,4,TRUE,9,126.5625,0.057361525,0.078804628,0.041753189
278,30,248,0,322,0.107913669,1,0.194805195,0.107913669,0.76763476,1.642833622,val_mse,5,4,TRUE,8,112.5,0.057361525,0.078804628,0.041753189
268,30,238,0,332,0.111940299,1,0.201342282,0.111940299,0.807302609,1.699179315,val_mse,10,4,TRUE,7,98.4375,0.057361525,0.078804628,0.041753189
257,30,227,0,343,0.116731518,1,0.209059233,0.116731518,0.825704293,1.724168735,val_mse,20,4,TRUE,6,84.375,0.057361525,0.078804628,0.041753189
165,30,135,0,435,0.181818182,1,0.307692308,0.181818182,0.794271882,1.665465482,val_1se,1,4,TRUE,12,168.75,0.078804628,0.108263673,0.148735211
165,30,135,0,435,0.181818182,1,0.307692308,0.181818182,0.931916524,1.904131841,val_1se,3,4,TRUE,7,98.4375,0.078804628,0.108263673,0.148735211
167,30,137,0,433,0.179640719,1,0.304568528,0.179640719,0.966277262,1.96840916,val_1se,5,4,TRUE,6,84.375,0.078804628,0.108263673,0.148735211
164,30,134,0,436,0.182926829,1,0.309278351,0.182926829,0.988986246,2.011423049,val_1se,10,4,TRUE,4,56.25,0.078804628,0.108263673,0.148735211
164,30,134,0,436,0.182926829,1,0.309278351,0.182926829,0.993351349,2.019319458,val_1se,20,4,TRUE,3,42.1875,0.078804628,0.108263673,0.148735211
600,30,570,0,0,0.05,1,0.095238095,0.05,8.45E+60,6.50E+121,BIC,1,4,FALSE,3000,42187.5,1.00E-04,1.00E-04,1.00E-04
600,30,570,0,0,0.05,1,0.095238095,0.05,6.45E+74,3.70E+149,BIC,3,4,FALSE,3000,42187.5,1.00E-04,1.00E-04,1.00E-04
600,30,570,0,0,0.05,1,0.095238095,0.05,2.30E+77,4.71E+154,BIC,5,4,FALSE,3000,42187.5,1.00E-04,1.00E-04,1.00E-04
600,30,570,0,0,0.05,1,0.095238095,0.05,5.20E+78,2.43E+157,BIC,10,4,FALSE,3000,42187.5,1.00E-04,1.00E-04,1.00E-04
600,30,570,0,0,0.05,1,0.095238095,0.05,8.00E+78,5.78E+157,BIC,20,4,FALSE,3000,42187.5,1.00E-04,1.00E-04,1.00E-04
600,30,570,0,0,0.05,1,0.095238095,0.05,8.45E+60,6.50E+121,EBIC_g05,1,4,FALSE,3000,42187.5,1.00E-04,1.00E-04,1.00E-04
600,30,570,0,0,0.05,1,0.095238095,0.05,6.45E+74,3.70E+149,EBIC_g05,3,4,FALSE,3000,42187.5,1.00E-04,1.00E-04,1.00E-04
600,30,570,0,0,0.05,1,0.095238095,0.05,2.30E+77,4.71E+154,EBIC_g05,5,4,FALSE,3000,42187.5,1.00E-04,1.00E-04,1.00E-04
600,30,570,0,0,0.05,1,0.095238095,0.05,5.20E+78,2.43E+157,EBIC_g05,10,4,FALSE,3000,42187.5,1.00E-04,1.00E-04,1.00E-04
600,30,570,0,0,0.05,1,0.095238095,0.05,8.00E+78,5.78E+157,EBIC_g05,20,4,FALSE,3000,42187.5,1.00E-04,1.00E-04,1.00E-04
600,30,570,0,0,0.05,1,0.095238095,0.05,8.45E+60,6.50E+121,EBIC_g10,1,4,FALSE,3000,42187.5,1.00E-04,1.00E-04,1.00E-04
600,30,570,0,0,0.05,1,0.095238095,0.05,6.45E+74,3.70E+149,EBIC_g10,3,4,FALSE,3000,42187.5,1.00E-04,1.00E-04,1.00E-04
600,30,570,0,0,0.05,1,0.095238095,0.05,2.30E+77,4.71E+154,EBIC_g10,5,4,FALSE,3000,42187.5,1.00E-04,1.00E-04,1.00E-04
600,30,570,0,0,0.05,1,0.095238095,0.05,5.20E+78,2.43E+157,EBIC_g10,10,4,FALSE,3000,42187.5,1.00E-04,1.00E-04,1.00E-04
600,30,570,0,0,0.05,1,0.095238095,0.05,8.00E+78,5.78E+157,EBIC_g10,20,4,FALSE,3000,42187.5,1.00E-04,1.00E-04,1.00E-04
50,30,20,0,550,0.6,1,0.75,0.6,3.38022259,11.65979006,oracle_F1,1,4,TRUE,9,126.5625,0.529831691,0.385662042,0.727895384
56,30,26,0,544,0.535714286,1,0.697674419,0.535714286,3.587292522,12.82109304,oracle_F1,3,4,TRUE,5,70.3125,0.529831691,0.385662042,0.727895384
55,30,25,0,545,0.545454545,1,0.705882353,0.545454545,3.610638802,12.95542248,oracle_F1,5,4,TRUE,4,56.25,0.529831691,0.385662042,0.727895384
55,30,25,0,545,0.545454545,1,0.705882353,0.545454545,3.614341912,12.97721603,oracle_F1,10,4,TRUE,3,42.1875,0.529831691,0.385662042,0.727895384
55,30,25,0,545,0.545454545,1,0.705882353,0.545454545,3.614370232,12.97735265,oracle_F1,20,4,TRUE,2,28.125,0.529831691,0.385662042,0.727895384
258,30,228,0,342,0.11627907,1,0.208333333,0.11627907,0.57501309,1.239158764,val_mse,1,5,TRUE,13,182.8125,0.057361525,0.108263673,0.078804628
236,30,206,0,364,0.127118644,1,0.22556391,0.127118644,0.708970031,1.437995365,val_mse,3,5,TRUE,8,112.5,0.057361525,0.108263673,0.078804628
231,30,201,0,369,0.12987013,1,0.229885057,0.12987013,0.745305101,1.503808588,val_mse,5,5,TRUE,6,84.375,0.057361525,0.108263673,0.078804628
235,30,205,0,365,0.127659574,1,0.226415094,0.127659574,0.765503179,1.539313105,val_mse,10,5,TRUE,5,70.3125,0.057361525,0.108263673,0.078804628
236,30,206,0,364,0.127118644,1,0.22556391,0.127118644,0.772711937,1.548088973,val_mse,20,5,TRUE,4,56.25,0.057361525,0.108263673,0.078804628
173,30,143,0,427,0.173410405,1,0.295566502,0.173410405,0.744611581,1.503007642,val_1se,1,5,TRUE,11,154.6875,0.078804628,0.148735211,0.148735211
160,30,130,0,440,0.1875,1,0.315789474,0.1875,0.868997493,1.725946574,val_1se,3,5,TRUE,6,84.375,0.078804628,0.148735211,0.148735211
160,30,130,0,440,0.1875,1,0.315789474,0.1875,0.89711413,1.782926858,val_1se,5,5,TRUE,5,70.3125,0.078804628,0.148735211,0.148735211
160,30,130,0,440,0.1875,1,0.315789474,0.1875,0.911023921,1.808066254,val_1se,10,5,TRUE,4,56.25,0.078804628,0.148735211,0.148735211
159,30,129,0,441,0.188679245,1,0.317460317,0.188679245,0.912703242,1.80981926,val_1se,20,5,TRUE,3,42.1875,0.078804628,0.148735211,0.148735211
600,30,570,0,0,0.05,1,0.095238095,0.05,6.22E+61,3.67E+123,BIC,1,5,FALSE,3000,42187.5,1.00E-04,1.00E-04,1.00E-04
600,30,570,0,0,0.05,1,0.095238095,0.05,3.43E+58,1.26E+117,BIC,3,5,FALSE,3000,42187.5,1.00E-04,1.00E-04,1.00E-04
600,30,570,0,0,0.05,1,0.095238095,0.05,9.30E+60,7.92E+121,BIC,5,5,FALSE,3000,42187.5,1.00E-04,1.00E-04,1.00E-04
600,30,570,0,0,0.05,1,0.095238095,0.05,1.10E+62,1.30E+124,BIC,10,5,FALSE,3000,42187.5,1.00E-04,1.00E-04,1.00E-04
600,30,570,0,0,0.05,1,0.095238095,0.05,2.02E+62,3.98E+124,BIC,20,5,FALSE,3000,42187.5,1.00E-04,1.00E-04,1.00E-04
600,30,570,0,0,0.05,1,0.095238095,0.05,6.22E+61,3.67E+123,EBIC_g05,1,5,FALSE,3000,42187.5,1.00E-04,1.00E-04,1.00E-04
600,30,570,0,0,0.05,1,0.095238095,0.05,3.43E+58,1.26E+117,EBIC_g05,3,5,FALSE,3000,42187.5,1.00E-04,1.00E-04,1.00E-04
600,30,570,0,0,0.05,1,0.095238095,0.05,9.30E+60,7.92E+121,EBIC_g05,5,5,FALSE,3000,42187.5,1.00E-04,1.00E-04,1.00E-04
600,30,570,0,0,0.05,1,0.095238095,0.05,1.10E+62,1.30E+124,EBIC_g05,10,5,FALSE,3000,42187.5,1.00E-04,1.00E-04,1.00E-04
600,30,570,0,0,0.05,1,0.095238095,0.05,2.02E+62,3.98E+124,EBIC_g05,20,5,FALSE,3000,42187.5,1.00E-04,1.00E-04,1.00E-04
600,30,570,0,0,0.05,1,0.095238095,0.05,6.22E+61,3.67E+123,EBIC_g10,1,5,FALSE,3000,42187.5,1.00E-04,1.00E-04,1.00E-04
600,30,570,0,0,0.05,1,0.095238095,0.05,3.43E+58,1.26E+117,EBIC_g10,3,5,FALSE,3000,42187.5,1.00E-04,1.00E-04,1.00E-04
600,30,570,0,0,0.05,1,0.095238095,0.05,9.30E+60,7.92E+121,EBIC_g10,5,5,FALSE,3000,42187.5,1.00E-04,1.00E-04,1.00E-04
600,30,570,0,0,0.05,1,0.095238095,0.05,1.10E+62,1.30E+124,EBIC_g10,10,5,FALSE,3000,42187.5,1.00E-04,1.00E-04,1.00E-04
600,30,570,0,0,0.05,1,0.095238095,0.05,2.02E+62,3.98E+124,EBIC_g10,20,5,FALSE,3000,42187.5,1.00E-04,1.00E-04,1.00E-04
41,30,11,0,559,0.731707317,1,0.845070423,0.731707317,3.816908376,16.37279685,oracle_F1,1,5,TRUE,9,126.5625,0.529831691,0.727895384,0.727895384
47,30,17,0,553,0.638297872,1,0.779220779,0.638297872,3.984676797,17.79362959,oracle_F1,3,5,TRUE,5,70.3125,0.529831691,0.727895384,0.727895384
46,30,16,0,554,0.652173913,1,0.789473684,0.652173913,4.002247873,17.96043836,oracle_F1,5,5,TRUE,4,56.25,0.529831691,0.727895384,0.727895384
46,30,16,0,554,0.652173913,1,0.789473684,0.652173913,4.006142363,17.99623659,oracle_F1,10,5,TRUE,3,42.1875,0.529831691,0.727895384,0.727895384
46,30,16,0,554,0.652173913,1,0.789473684,0.652173913,4.006236609,17.997115,oracle_F1,20,5,TRUE,2,28.125,0.529831691,0.727895384,0.727895384
417,30,387,0,183,0.071942446,1,0.134228188,0.071942446,0.529910387,1.238656881,val_mse,1,6,TRUE,20,281.25,0.030391954,0.078804628,0.022122163
375,30,345,0,225,0.08,1,0.148148148,0.08,0.614696234,1.301761292,val_mse,3,6,TRUE,11,154.6875,0.030391954,0.078804628,0.022122163
359,30,329,0,241,0.08356546,1,0.154241645,0.08356546,0.650399416,1.344138261,val_mse,5,6,TRUE,9,126.5625,0.030391954,0.078804628,0.022122163
339,30,309,0,261,0.088495575,1,0.162601626,0.088495575,0.690503355,1.402239094,val_mse,10,6,TRUE,8,112.5,0.030391954,0.078804628,0.022122163
333,30,303,0,267,0.09009009,1,0.165289256,0.09009009,0.738250786,1.48340792,val_mse,20,6,TRUE,7,98.4375,0.030391954,0.078804628,0.022122163
194,30,164,0,406,0.154639175,1,0.267857143,0.154639175,0.765923999,1.420206723,val_1se,1,6,TRUE,11,154.6875,0.108263673,0.108263673,0.078804628
188,30,158,0,412,0.159574468,1,0.275229358,0.159574468,0.895936295,1.603864813,val_1se,3,6,TRUE,8,112.5,0.108263673,0.108263673,0.078804628
182,30,152,0,418,0.164835165,1,0.283018868,0.164835165,0.941354208,1.682433071,val_1se,5,6,TRUE,8,112.5,0.108263673,0.108263673,0.078804628
183,30,153,0,417,0.163934426,1,0.281690141,0.163934426,0.999482322,1.796759713,val_1se,10,6,TRUE,6,84.375,0.108263673,0.108263673,0.078804628
180,30,150,0,420,0.166666667,1,0.285714286,0.166666667,1.055310312,1.911194711,val_1se,20,6,TRUE,5,70.3125,0.108263673,0.108263673,0.078804628
600,30,570,0,0,0.05,1,0.095238095,0.05,5.17E+56,2.52E+113,BIC,1,6,FALSE,3000,42187.5,1.00E-04,1.00E-04,1.00E-04
600,30,570,0,0,0.05,1,0.095238095,0.05,2.57E+69,7.13E+138,BIC,3,6,FALSE,3000,42187.5,1.00E-04,1.00E-04,1.00E-04
600,30,570,0,0,0.05,1,0.095238095,0.05,3.60E+72,1.39E+145,BIC,5,6,FALSE,3000,42187.5,1.00E-04,1.00E-04,1.00E-04
600,30,570,0,0,0.05,1,0.095238095,0.05,2.68E+74,7.69E+148,BIC,10,6,FALSE,3000,42187.5,1.00E-04,1.00E-04,1.00E-04
600,30,570,0,0,0.05,1,0.095238095,0.05,1.23E+75,1.63E+150,BIC,20,6,FALSE,3000,42187.5,1.00E-04,1.00E-04,1.00E-04
600,30,570,0,0,0.05,1,0.095238095,0.05,5.17E+56,2.52E+113,EBIC_g05,1,6,FALSE,3000,42187.5,1.00E-04,1.00E-04,1.00E-04
600,30,570,0,0,0.05,1,0.095238095,0.05,2.57E+69,7.13E+138,EBIC_g05,3,6,FALSE,3000,42187.5,1.00E-04,1.00E-04,1.00E-04
600,30,570,0,0,0.05,1,0.095238095,0.05,3.60E+72,1.39E+145,EBIC_g05,5,6,FALSE,3000,42187.5,1.00E-04,1.00E-04,1.00E-04
600,30,570,0,0,0.05,1,0.095238095,0.05,2.68E+74,7.69E+148,EBIC_g05,10,6,FALSE,3000,42187.5,1.00E-04,1.00E-04,1.00E-04
600,30,570,0,0,0.05,1,0.095238095,0.05,1.23E+75,1.63E+150,EBIC_g05,20,6,FALSE,3000,42187.5,1.00E-04,1.00E-04,1.00E-04
600,30,570,0,0,0.05,1,0.095238095,0.05,5.17E+56,2.52E+113,EBIC_g10,1,6,FALSE,3000,42187.5,1.00E-04,1.00E-04,1.00E-04
600,30,570,0,0,0.05,1,0.095238095,0.05,2.57E+69,7.13E+138,EBIC_g10,3,6,FALSE,3000,42187.5,1.00E-04,1.00E-04,1.00E-04
600,30,570,0,0,0.05,1,0.095238095,0.05,3.60E+72,1.39E+145,EBIC_g10,5,6,FALSE,3000,42187.5,1.00E-04,1.00E-04,1.00E-04
600,30,570,0,0,0.05,1,0.095238095,0.05,2.68E+74,7.69E+148,EBIC_g10,10,6,FALSE,3000,42187.5,1.00E-04,1.00E-04,1.00E-04
600,30,570,0,0,0.05,1,0.095238095,0.05,1.23E+75,1.63E+150,EBIC_g10,20,6,FALSE,3000,42187.5,1.00E-04,1.00E-04,1.00E-04
45,30,15,0,555,0.666666667,1,0.8,0.666666667,4.041772514,15.30985346,oracle_F1,1,6,TRUE,9,126.5625,0.529831691,0.727895384,0.727895384
48,30,18,0,552,0.625,1,0.769230769,0.625,4.289735403,17.22751377,oracle_F1,3,6,TRUE,4,56.25,0.529831691,0.727895384,0.727895384
48,30,18,0,552,0.625,1,0.769230769,0.625,4.312806007,17.42074566,oracle_F1,5,6,TRUE,3,42.1875,0.529831691,0.727895384,0.727895384
48,30,18,0,552,0.625,1,0.769230769,0.625,4.315599356,17.44487272,oracle_F1,10,6,TRUE,3,42.1875,0.529831691,0.727895384,0.727895384
48,30,18,0,552,0.625,1,0.769230769,0.625,4.31561402,17.4450086,oracle_F1,20,6,TRUE,2,28.125,0.529831691,0.727895384,0.727895384
281,30,251,0,319,0.106761566,1,0.192926045,0.106761566,0.481482777,1.219888207,val_mse,1,7,TRUE,14,196.875,0.057361525,0.057361525,0.078804628
272,30,242,0,328,0.110294118,1,0.198675497,0.110294118,0.595677842,1.324497009,val_mse,3,7,TRUE,9,126.5625,0.057361525,0.057361525,0.078804628
263,30,233,0,337,0.114068441,1,0.204778157,0.114068441,0.641837271,1.37100928,val_mse,5,7,TRUE,7,98.4375,0.057361525,0.057361525,0.078804628
270,30,240,0,330,0.111111111,1,0.2,0.111111111,0.694389912,1.429743226,val_mse,10,7,TRUE,6,84.375,0.057361525,0.057361525,0.078804628
271,30,241,0,329,0.110701107,1,0.199335548,0.110701107,0.735371004,1.482284201,val_mse,20,7,TRUE,5,70.3125,0.057361525,0.057361525,0.078804628
187,30,157,0,413,0.160427807,1,0.276497696,0.160427807,0.602550207,1.333294816,val_1se,1,7,TRUE,11,154.6875,0.078804628,0.108263673,0.108263673
192,30,162,0,408,0.15625,1,0.27027027,0.15625,0.731095671,1.481102336,val_1se,3,7,TRUE,7,98.4375,0.078804628,0.108263673,0.108263673
194,30,164,0,406,0.154639175,1,0.267857143,0.154639175,0.777617438,1.539179802,val_1se,5,7,TRUE,7,98.4375,0.078804628,0.108263673,0.108263673
190,30,160,0,410,0.157894737,1,0.272727273,0.157894737,0.826795409,1.607718457,val_1se,10,7,TRUE,6,84.375,0.078804628,0.108263673,0.108263673
191,30,161,0,409,0.157068063,1,0.271493213,0.157068063,0.86035305,1.656566287,val_1se,20,7,TRUE,5,70.3125,0.078804628,0.108263673,0.108263673
600,30,570,0,0,0.05,1,0.095238095,0.05,4.83E+45,2.36E+91,BIC,1,7,FALSE,3000,42187.5,1.00E-04,1.00E-04,1.00E-04
600,30,570,0,0,0.05,1,0.095238095,0.05,2.11E+49,4.28E+98,BIC,3,7,FALSE,3000,42187.5,1.00E-04,1.00E-04,1.00E-04
600,30,570,0,0,0.05,1,0.095238095,0.05,1.08E+50,1.16E+100,BIC,5,7,FALSE,3000,42187.5,1.00E-04,1.00E-04,1.00E-04
600,30,570,0,0,0.05,1,0.095238095,0.05,7.12E+50,5.99E+101,BIC,10,7,FALSE,3000,42187.5,1.00E-04,1.00E-04,1.00E-04
600,30,570,0,0,0.05,1,0.095238095,0.05,9.88E+50,1.02E+102,BIC,20,7,FALSE,3000,42187.5,1.00E-04,1.00E-04,1.00E-04
600,30,570,0,0,0.05,1,0.095238095,0.05,4.83E+45,2.36E+91,EBIC_g05,1,7,FALSE,3000,42187.5,1.00E-04,1.00E-04,1.00E-04
600,30,570,0,0,0.05,1,0.095238095,0.05,2.11E+49,4.28E+98,EBIC_g05,3,7,FALSE,3000,42187.5,1.00E-04,1.00E-04,1.00E-04
600,30,570,0,0,0.05,1,0.095238095,0.05,1.08E+50,1.16E+100,EBIC_g05,5,7,FALSE,3000,42187.5,1.00E-04,1.00E-04,1.00E-04
600,30,570,0,0,0.05,1,0.095238095,0.05,7.12E+50,5.99E+101,EBIC_g05,10,7,FALSE,3000,42187.5,1.00E-04,1.00E-04,1.00E-04
600,30,570,0,0,0.05,1,0.095238095,0.05,9.88E+50,1.02E+102,EBIC_g05,20,7,FALSE,3000,42187.5,1.00E-04,1.00E-04,1.00E-04
600,30,570,0,0,0.05,1,0.095238095,0.05,4.83E+45,2.36E+91,EBIC_g10,1,7,FALSE,3000,42187.5,1.00E-04,1.00E-04,1.00E-04
600,30,570,0,0,0.05,1,0.095238095,0.05,2.11E+49,4.28E+98,EBIC_g10,3,7,FALSE,3000,42187.5,1.00E-04,1.00E-04,1.00E-04
600,30,570,0,0,0.05,1,0.095238095,0.05,1.08E+50,1.16E+100,EBIC_g10,5,7,FALSE,3000,42187.5,1.00E-04,1.00E-04,1.00E-04
600,30,570,0,0,0.05,1,0.095238095,0.05,7.12E+50,5.99E+101,EBIC_g10,10,7,FALSE,3000,42187.5,1.00E-04,1.00E-04,1.00E-04
600,30,570,0,0,0.05,1,0.095238095,0.05,9.88E+50,1.02E+102,EBIC_g10,20,7,FALSE,3000,42187.5,1.00E-04,1.00E-04,1.00E-04
61,30,31,0,539,0.491803279,1,0.659340659,0.491803279,3.65616467,12.7722647,oracle_F1,1,7,TRUE,9,126.5625,0.727895384,0.529831691,0.529831691
65,30,35,0,535,0.461538462,1,0.631578947,0.461538462,3.874089185,14.12023792,oracle_F1,3,7,TRUE,5,70.3125,0.727895384,0.529831691,0.529831691
65,30,35,0,535,0.461538462,1,0.631578947,0.461538462,3.913308252,14.38812531,oracle_F1,5,7,TRUE,4,56.25,0.727895384,0.529831691,0.529831691
66,30,36,0,534,0.454545455,1,0.625,0.454545455,3.933079767,14.52133377,oracle_F1,10,7,TRUE,3,42.1875,0.727895384,0.529831691,0.529831691
66,30,36,0,534,0.454545455,1,0.625,0.454545455,3.935363711,14.53668545,oracle_F1,20,7,TRUE,3,42.1875,0.727895384,0.529831691,0.529831691
325,30,295,0,275,0.092307692,1,0.169014085,0.092307692,0.500764988,1.307448124,val_mse,1,8,TRUE,15,210.9375,0.057361525,0.057361525,0.041753189
300,30,270,0,300,0.1,1,0.181818182,0.1,0.615329167,1.434708172,val_mse,3,8,TRUE,9,126.5625,0.057361525,0.057361525,0.041753189
279,30,249,0,321,0.107526882,1,0.194174757,0.107526882,0.652706177,1.491634325,val_mse,5,8,TRUE,8,112.5,0.057361525,0.057361525,0.041753189
264,30,234,0,336,0.113636364,1,0.204081633,0.113636364,0.703292809,1.581338235,val_mse,10,8,TRUE,7,98.4375,0.057361525,0.057361525,0.041753189
268,30,238,0,332,0.111940299,1,0.201342282,0.111940299,0.758571243,1.686740113,val_mse,20,8,TRUE,6,84.375,0.057361525,0.057361525,0.041753189
182,30,152,0,418,0.164835165,1,0.283018868,0.164835165,0.696082535,1.542607364,val_1se,1,8,TRUE,11,154.6875,0.108263673,0.078804628,0.108263673
181,30,151,0,419,0.165745856,1,0.28436019,0.165745856,0.83905353,1.798222752,val_1se,3,8,TRUE,7,98.4375,0.108263673,0.078804628,0.108263673
180,30,150,0,420,0.166666667,1,0.285714286,0.166666667,0.884809302,1.900149899,val_1se,5,8,TRUE,6,84.375,0.108263673,0.078804628,0.108263673
182,30,152,0,418,0.164835165,1,0.283018868,0.164835165,0.941019945,2.025444243,val_1se,10,8,TRUE,5,70.3125,0.108263673,0.078804628,0.108263673
181,30,151,0,419,0.165745856,1,0.28436019,0.165745856,0.978494726,2.109874778,val_1se,20,8,TRUE,4,56.25,0.108263673,0.078804628,0.108263673
600,30,570,0,0,0.05,1,0.095238095,0.05,5.75E+52,3.11E+105,BIC,1,8,FALSE,3000,42187.5,1.00E-04,1.00E-04,1.00E-04
600,30,570,0,0,0.05,1,0.095238095,0.05,2.57E+55,5.42E+110,BIC,3,8,FALSE,3000,42187.5,1.00E-04,1.00E-04,1.00E-04
600,30,570,0,0,0.05,1,0.095238095,0.05,4.67E+55,2.04E+111,BIC,5,8,FALSE,3000,42187.5,1.00E-04,1.00E-04,1.00E-04
600,30,570,0,0,0.05,1,0.095238095,0.05,5.72E+55,3.03E+111,BIC,10,8,FALSE,3000,42187.5,1.00E-04,1.00E-04,1.00E-04
600,30,570,0,0,0.05,1,0.095238095,0.05,3.87E+55,1.41E+111,BIC,20,8,FALSE,3000,42187.5,1.00E-04,1.00E-04,1.00E-04
600,30,570,0,0,0.05,1,0.095238095,0.05,5.75E+52,3.11E+105,EBIC_g05,1,8,FALSE,3000,42187.5,1.00E-04,1.00E-04,1.00E-04
600,30,570,0,0,0.05,1,0.095238095,0.05,2.57E+55,5.42E+110,EBIC_g05,3,8,FALSE,3000,42187.5,1.00E-04,1.00E-04,1.00E-04
600,30,570,0,0,0.05,1,0.095238095,0.05,4.67E+55,2.04E+111,EBIC_g05,5,8,FALSE,3000,42187.5,1.00E-04,1.00E-04,1.00E-04
600,30,570,0,0,0.05,1,0.095238095,0.05,5.72E+55,3.03E+111,EBIC_g05,10,8,FALSE,3000,42187.5,1.00E-04,1.00E-04,1.00E-04
600,30,570,0,0,0.05,1,0.095238095,0.05,3.87E+55,1.41E+111,EBIC_g05,20,8,FALSE,3000,42187.5,1.00E-04,1.00E-04,1.00E-04
600,30,570,0,0,0.05,1,0.095238095,0.05,5.75E+52,3.11E+105,EBIC_g10,1,8,FALSE,3000,42187.5,1.00E-04,1.00E-04,1.00E-04
600,30,570,0,0,0.05,1,0.095238095,0.05,2.57E+55,5.42E+110,EBIC_g10,3,8,FALSE,3000,42187.5,1.00E-04,1.00E-04,1.00E-04
600,30,570,0,0,0.05,1,0.095238095,0.05,4.67E+55,2.04E+111,EBIC_g10,5,8,FALSE,3000,42187.5,1.00E-04,1.00E-04,1.00E-04
600,30,570,0,0,0.05,1,0.095238095,0.05,5.72E+55,3.03E+111,EBIC_g10,10,8,FALSE,3000,42187.5,1.00E-04,1.00E-04,1.00E-04
600,30,570,0,0,0.05,1,0.095238095,0.05,3.87E+55,1.41E+111,EBIC_g10,20,8,FALSE,3000,42187.5,1.00E-04,1.00E-04,1.00E-04
48,30,18,0,552,0.625,1,0.769230769,0.625,3.531243738,15.37094113,oracle_F1,1,8,TRUE,9,126.5625,0.529831691,0.529831691,0.727895384
54,30,24,0,546,0.555555556,1,0.714285714,0.555555556,3.784813774,17.54574143,oracle_F1,3,8,TRUE,5,70.3125,0.529831691,0.529831691,0.727895384
57,30,27,0,543,0.526315789,1,0.689655172,0.526315789,3.821103142,17.85812896,oracle_F1,5,8,TRUE,4,56.25,0.529831691,0.529831691,0.727895384
56,30,26,0,544,0.535714286,1,0.697674419,0.535714286,3.82878661,17.92038153,oracle_F1,10,8,TRUE,3,42.1875,0.529831691,0.529831691,0.727895384
56,30,26,0,544,0.535714286,1,0.697674419,0.535714286,3.828996611,17.92164984,oracle_F1,20,8,TRUE,2,28.125,0.529831691,0.529831691,0.727895384
377,30,347,0,223,0.079575597,1,0.147420147,0.079575597,0.534325593,1.422279676,val_mse,1,9,TRUE,16,225,0.057361525,0.078804628,0.030391954
324,30,294,0,276,0.092592593,1,0.169491525,0.092592593,0.682515147,1.675081684,val_mse,3,9,TRUE,9,126.5625,0.057361525,0.078804628,0.030391954
309,30,279,0,291,0.097087379,1,0.17699115,0.097087379,0.729987665,1.76124245,val_mse,5,9,TRUE,8,112.5,0.057361525,0.078804628,0.030391954
287,30,257,0,313,0.104529617,1,0.189274448,0.104529617,0.783586284,1.875977308,val_mse,10,9,TRUE,8,112.5,0.057361525,0.078804628,0.030391954
275,30,245,0,325,0.109090909,1,0.196721311,0.109090909,0.834363244,2.000129932,val_mse,20,9,TRUE,7,98.4375,0.057361525,0.078804628,0.030391954
175,30,145,0,425,0.171428571,1,0.292682927,0.171428571,0.716300808,1.767110644,val_1se,1,9,TRUE,11,154.6875,0.078804628,0.108263673,0.148735211
180,30,150,0,420,0.166666667,1,0.285714286,0.166666667,0.908752293,2.158986971,val_1se,3,9,TRUE,7,98.4375,0.078804628,0.108263673,0.148735211
174,30,144,0,426,0.172413793,1,0.294117647,0.172413793,0.959185763,2.278129238,val_1se,5,9,TRUE,6,84.375,0.078804628,0.108263673,0.148735211
171,30,141,0,429,0.175438596,1,0.298507463,0.175438596,1.003518994,2.386392921,val_1se,10,9,TRUE,5,70.3125,0.078804628,0.108263673,0.148735211
173,30,143,0,427,0.173410405,1,0.295566502,0.173410405,1.023166872,2.434862861,val_1se,20,9,TRUE,4,56.25,0.078804628,0.108263673,0.148735211
600,30,570,0,0,0.05,1,0.095238095,0.05,2.24E+61,5.49E+122,BIC,1,9,FALSE,3000,42187.5,1.00E-04,1.00E-04,1.00E-04
600,30,570,0,0,0.05,1,0.095238095,0.05,4.53E+60,2.11E+121,BIC,3,9,FALSE,3000,42187.5,1.00E-04,1.00E-04,1.00E-04
600,30,570,0,0,0.05,1,0.095238095,0.05,1.65E+60,2.79E+120,BIC,5,9,FALSE,3000,42187.5,1.00E-04,1.00E-04,1.00E-04
600,30,570,0,0,0.05,1,0.095238095,0.05,2.49E+60,6.29E+120,BIC,10,9,FALSE,3000,42187.5,1.00E-04,1.00E-04,1.00E-04
600,30,570,0,0,0.05,1,0.095238095,0.05,4.80E+60,2.33E+121,BIC,20,9,FALSE,3000,42187.5,1.00E-04,1.00E-04,1.00E-04
600,30,570,0,0,0.05,1,0.095238095,0.05,2.24E+61,5.49E+122,EBIC_g05,1,9,FALSE,3000,42187.5,1.00E-04,1.00E-04,1.00E-04
600,30,570,0,0,0.05,1,0.095238095,0.05,4.53E+60,2.11E+121,EBIC_g05,3,9,FALSE,3000,42187.5,1.00E-04,1.00E-04,1.00E-04
600,30,570,0,0,0.05,1,0.095238095,0.05,1.65E+60,2.79E+120,EBIC_g05,5,9,FALSE,3000,42187.5,1.00E-04,1.00E-04,1.00E-04
600,30,570,0,0,0.05,1,0.095238095,0.05,2.49E+60,6.29E+120,EBIC_g05,10,9,FALSE,3000,42187.5,1.00E-04,1.00E-04,1.00E-04
600,30,570,0,0,0.05,1,0.095238095,0.05,4.80E+60,2.33E+121,EBIC_g05,20,9,FALSE,3000,42187.5,1.00E-04,1.00E-04,1.00E-04
600,30,570,0,0,0.05,1,0.095238095,0.05,2.24E+61,5.49E+122,EBIC_g10,1,9,FALSE,3000,42187.5,1.00E-04,1.00E-04,1.00E-04
600,30,570,0,0,0.05,1,0.095238095,0.05,4.53E+60,2.11E+121,EBIC_g10,3,9,FALSE,3000,42187.5,1.00E-04,1.00E-04,1.00E-04
600,30,570,0,0,0.05,1,0.095238095,0.05,1.65E+60,2.79E+120,EBIC_g10,5,9,FALSE,3000,42187.5,1.00E-04,1.00E-04,1.00E-04
600,30,570,0,0,0.05,1,0.095238095,0.05,2.49E+60,6.29E+120,EBIC_g10,10,9,FALSE,3000,42187.5,1.00E-04,1.00E-04,1.00E-04
600,30,570,0,0,0.05,1,0.095238095,0.05,4.80E+60,2.33E+121,EBIC_g10,20,9,FALSE,3000,42187.5,1.00E-04,1.00E-04,1.00E-04
44,30,14,0,556,0.681818182,1,0.810810811,0.681818182,3.664649518,15.69452622,oracle_F1,1,9,TRUE,8,112.5,0.529831691,0.529831691,1
44,30,14,0,556,0.681818182,1,0.810810811,0.681818182,3.801595222,17.06035854,oracle_F1,3,9,TRUE,5,70.3125,0.529831691,0.529831691,1
45,30,15,0,555,0.666666667,1,0.8,0.666666667,3.81224412,17.17122465,oracle_F1,5,9,TRUE,4,56.25,0.529831691,0.529831691,1
45,30,15,0,555,0.666666667,1,0.8,0.666666667,3.813304433,17.18309184,oracle_F1,10,9,TRUE,3,42.1875,0.529831691,0.529831691,1
45,30,15,0,555,0.666666667,1,0.8,0.666666667,3.813312203,17.1831543,oracle_F1,20,9,TRUE,2,28.125,0.529831691,0.529831691,1
439,30,409,0,161,0.06833713,1,0.12793177,0.06833713,0.447809452,1.400631487,val_mse,1,10,TRUE,19,267.1875,0.078804628,0.041753189,0.011721023
383,30,353,0,217,0.078328982,1,0.14527845,0.078328982,0.499301904,1.469600632,val_mse,3,10,TRUE,11,154.6875,0.078804628,0.041753189,0.011721023
351,30,321,0,249,0.085470085,1,0.157480315,0.085470085,0.527328052,1.506531039,val_mse,5,10,TRUE,9,126.5625,0.078804628,0.041753189,0.011721023
318,30,288,0,282,0.094339623,1,0.172413793,0.094339623,0.566591131,1.558922501,val_mse,10,10,TRUE,8,112.5,0.078804628,0.041753189,0.011721023
305,30,275,0,295,0.098360656,1,0.179104478,0.098360656,0.603169507,1.621658362,val_mse,20,10,TRUE,8,112.5,0.078804628,0.041753189,0.011721023
154,30,124,0,446,0.194805195,1,0.326086957,0.194805195,0.629396849,1.634542853,val_1se,1,10,TRUE,11,154.6875,0.108263673,0.108263673,0.108263673
163,30,133,0,437,0.18404908,1,0.310880829,0.18404908,0.750534505,1.839451668,val_1se,3,10,TRUE,7,98.4375,0.108263673,0.108263673,0.108263673
172,30,142,0,428,0.174418605,1,0.297029703,0.174418605,0.786572148,1.914545448,val_1se,5,10,TRUE,6,84.375,0.108263673,0.108263673,0.108263673
173,30,143,0,427,0.173410405,1,0.295566502,0.173410405,0.827000408,2.005554751,val_1se,10,10,TRUE,5,70.3125,0.108263673,0.108263673,0.108263673
176,30,146,0,424,0.170454545,1,0.291262136,0.170454545,0.849347921,2.056972452,val_1se,20,10,TRUE,4,56.25,0.108263673,0.108263673,0.108263673
600,30,570,0,0,0.05,1,0.095238095,0.05,8.78E+53,7.72E+107,BIC,1,10,FALSE,3000,42187.5,1.00E-04,1.00E-04,1.00E-04
600,30,570,0,0,0.05,1,0.095238095,0.05,1.04E+60,1.08E+120,BIC,3,10,FALSE,3000,42187.5,1.00E-04,1.00E-04,1.00E-04
600,30,570,0,0,0.05,1,0.095238095,0.05,2.54E+60,6.51E+120,BIC,5,10,FALSE,3000,42187.5,1.00E-04,1.00E-04,1.00E-04
600,30,570,0,0,0.05,1,0.095238095,0.05,2.86E+61,8.28E+122,BIC,10,10,FALSE,3000,42187.5,1.00E-04,1.00E-04,1.00E-04
600,30,570,0,0,0.05,1,0.095238095,0.05,3.45E+61,1.23E+123,BIC,20,10,FALSE,3000,42187.5,1.00E-04,1.00E-04,1.00E-04
600,30,570,0,0,0.05,1,0.095238095,0.05,8.78E+53,7.72E+107,EBIC_g05,1,10,FALSE,3000,42187.5,1.00E-04,1.00E-04,1.00E-04
600,30,570,0,0,0.05,1,0.095238095,0.05,1.04E+60,1.08E+120,EBIC_g05,3,10,FALSE,3000,42187.5,1.00E-04,1.00E-04,1.00E-04
600,30,570,0,0,0.05,1,0.095238095,0.05,2.54E+60,6.51E+120,EBIC_g05,5,10,FALSE,3000,42187.5,1.00E-04,1.00E-04,1.00E-04
600,30,570,0,0,0.05,1,0.095238095,0.05,2.86E+61,8.28E+122,EBIC_g05,10,10,FALSE,3000,42187.5,1.00E-04,1.00E-04,1.00E-04
600,30,570,0,0,0.05,1,0.095238095,0.05,3.45E+61,1.23E+123,EBIC_g05,20,10,FALSE,3000,42187.5,1.00E-04,1.00E-04,1.00E-04
600,30,570,0,0,0.05,1,0.095238095,0.05,8.78E+53,7.72E+107,EBIC_g10,1,10,FALSE,3000,42187.5,1.00E-04,1.00E-04,1.00E-04
600,30,570,0,0,0.05,1,0.095238095,0.05,1.04E+60,1.08E+120,EBIC_g10,3,10,FALSE,3000,42187.5,1.00E-04,1.00E-04,1.00E-04
600,30,570,0,0,0.05,1,0.095238095,0.05,2.54E+60,6.51E+120,EBIC_g10,5,10,FALSE,3000,42187.5,1.00E-04,1.00E-04,1.00E-04
600,30,570,0,0,0.05,1,0.095238095,0.05,2.86E+61,8.28E+122,EBIC_g10,10,10,FALSE,3000,42187.5,1.00E-04,1.00E-04,1.00E-04
600,30,570,0,0,0.05,1,0.095238095,0.05,3.45E+61,1.23E+123,EBIC_g10,20,10,FALSE,3000,42187.5,1.00E-04,1.00E-04,1.00E-04
34,30,4,0,566,0.882352941,1,0.9375,0.882352941,3.379509247,13.39650488,oracle_F1,1,10,TRUE,8,112.5,0.529831691,0.529831691,1
36,30,6,0,564,0.833333333,1,0.909090909,0.833333333,3.479620714,14.18202529,oracle_F1,3,10,TRUE,4,56.25,0.529831691,0.529831691,1
36,30,6,0,564,0.833333333,1,0.909090909,0.833333333,3.481976239,14.1929607,oracle_F1,5,10,TRUE,3,42.1875,0.529831691,0.529831691,1
36,30,6,0,564,0.833333333,1,0.909090909,0.833333333,3.482033814,14.19278388,oracle_F1,10,10,TRUE,2,28.125,0.529831691,0.529831691,1
36,30,6,0,564,0.833333333,1,0.909090909,0.833333333,3.482033222,14.1927802,oracle_F1,20,10,TRUE,2,28.125,0.529831691,0.529831691,1
586,30,556,0,14,0.051194539,1,0.097402597,0.051194539,0.514884032,1.30750628,val_mse,1,11,TRUE,19,267.1875,0.057361525,0.078804628,0.000672336
583,30,553,0,17,0.051457976,1,0.097879282,0.051457976,0.59566534,1.408325631,val_mse,3,11,TRUE,11,154.6875,0.057361525,0.078804628,0.000672336
569,30,539,0,31,0.052724077,1,0.100166945,0.052724077,0.611852609,1.432061073,val_mse,5,11,TRUE,10,140.625,0.057361525,0.078804628,0.000672336
542,30,512,0,58,0.055350554,1,0.104895105,0.055350554,0.622041775,1.447877227,val_mse,10,11,TRUE,9,126.5625,0.057361525,0.078804628,0.000672336
501,30,471,0,99,0.05988024,1,0.11299435,0.05988024,0.624798326,1.445016048,val_mse,20,11,TRUE,9,126.5625,0.057361525,0.078804628,0.000672336
278,30,248,0,322,0.107913669,1,0.194805195,0.107913669,0.590506917,1.380506282,val_1se,1,11,TRUE,14,196.875,0.078804628,0.108263673,0.041753189
256,30,226,0,344,0.1171875,1,0.20979021,0.1171875,0.727016977,1.577977519,val_1se,3,11,TRUE,9,126.5625,0.078804628,0.108263673,0.041753189
246,30,216,0,354,0.12195122,1,0.217391304,0.12195122,0.763567099,1.632014222,val_1se,5,11,TRUE,8,112.5,0.078804628,0.108263673,0.041753189
230,30,200,0,370,0.130434783,1,0.230769231,0.130434783,0.801953225,1.672958536,val_1se,10,11,TRUE,7,98.4375,0.078804628,0.108263673,0.041753189
227,30,197,0,373,0.13215859,1,0.233463035,0.13215859,0.831525891,1.701055117,val_1se,20,11,TRUE,6,84.375,0.078804628,0.108263673,0.041753189
600,30,570,0,0,0.05,1,0.095238095,0.05,3.37E+59,1.11E+119,BIC,1,11,FALSE,3000,42187.5,1.00E-04,1.00E-04,1.00E-04
600,30,570,0,0,0.05,1,0.095238095,0.05,3.72E+60,1.22E+121,BIC,3,11,FALSE,3000,42187.5,1.00E-04,1.00E-04,1.00E-04
600,30,570,0,0,0.05,1,0.095238095,0.05,4.84E+60,1.98E+121,BIC,5,11,FALSE,3000,42187.5,1.00E-04,1.00E-04,1.00E-04
600,30,570,0,0,0.05,1,0.095238095,0.05,4.51E+60,1.69E+121,BIC,10,11,FALSE,3000,42187.5,1.00E-04,1.00E-04,1.00E-04
600,30,570,0,0,0.05,1,0.095238095,0.05,3.23E+60,8.58E+120,BIC,20,11,FALSE,3000,42187.5,1.00E-04,1.00E-04,1.00E-04
600,30,570,0,0,0.05,1,0.095238095,0.05,3.37E+59,1.11E+119,EBIC_g05,1,11,FALSE,3000,42187.5,1.00E-04,1.00E-04,1.00E-04
600,30,570,0,0,0.05,1,0.095238095,0.05,3.72E+60,1.22E+121,EBIC_g05,3,11,FALSE,3000,42187.5,1.00E-04,1.00E-04,1.00E-04
600,30,570,0,0,0.05,1,0.095238095,0.05,4.84E+60,1.98E+121,EBIC_g05,5,11,FALSE,3000,42187.5,1.00E-04,1.00E-04,1.00E-04
600,30,570,0,0,0.05,1,0.095238095,0.05,4.51E+60,1.69E+121,EBIC_g05,10,11,FALSE,3000,42187.5,1.00E-04,1.00E-04,1.00E-04
600,30,570,0,0,0.05,1,0.095238095,0.05,3.23E+60,8.58E+120,EBIC_g05,20,11,FALSE,3000,42187.5,1.00E-04,1.00E-04,1.00E-04
600,30,570,0,0,0.05,1,0.095238095,0.05,3.37E+59,1.11E+119,EBIC_g10,1,11,FALSE,3000,42187.5,1.00E-04,1.00E-04,1.00E-04
600,30,570,0,0,0.05,1,0.095238095,0.05,3.72E+60,1.22E+121,EBIC_g10,3,11,FALSE,3000,42187.5,1.00E-04,1.00E-04,1.00E-04
600,30,570,0,0,0.05,1,0.095238095,0.05,4.84E+60,1.98E+121,EBIC_g10,5,11,FALSE,3000,42187.5,1.00E-04,1.00E-04,1.00E-04
600,30,570,0,0,0.05,1,0.095238095,0.05,4.51E+60,1.69E+121,EBIC_g10,10,11,FALSE,3000,42187.5,1.00E-04,1.00E-04,1.00E-04
600,30,570,0,0,0.05,1,0.095238095,0.05,3.23E+60,8.58E+120,EBIC_g10,20,11,FALSE,3000,42187.5,1.00E-04,1.00E-04,1.00E-04
49,30,19,0,551,0.612244898,1,0.759493671,0.612244898,4.013876811,15.49929015,oracle_F1,1,11,TRUE,9,126.5625,0.529831691,0.727895384,0.727895384
51,30,21,0,549,0.588235294,1,0.740740741,0.588235294,4.167246247,16.56211212,oracle_F1,3,11,TRUE,5,70.3125,0.529831691,0.727895384,0.727895384
50,30,20,0,550,0.6,1,0.75,0.6,4.192771753,16.74758043,oracle_F1,5,11,TRUE,4,56.25,0.529831691,0.727895384,0.727895384
50,30,20,0,550,0.6,1,0.75,0.6,4.19936784,16.79411449,oracle_F1,10,11,TRUE,3,42.1875,0.529831691,0.727895384,0.727895384
50,30,20,0,550,0.6,1,0.75,0.6,4.199524703,16.79517864,oracle_F1,20,11,TRUE,2,28.125,0.529831691,0.727895384,0.727895384
304,30,274,0,296,0.098684211,1,0.179640719,0.098684211,0.554978462,1.242173106,val_mse,1,12,TRUE,13,182.8125,0.078804628,0.041753189,0.078804628
270,30,240,0,330,0.111111111,1,0.2,0.111111111,0.718761716,1.476635713,val_mse,3,12,TRUE,9,126.5625,0.078804628,0.041753189,0.078804628
260,30,230,0,340,0.115384615,1,0.206896552,0.115384615,0.77666722,1.580568026,val_mse,5,12,TRUE,7,98.4375,0.078804628,0.041753189,0.078804628
250,30,220,0,350,0.12,1,0.214285714,0.12,0.831744556,1.691923413,val_mse,10,12,TRUE,6,84.375,0.078804628,0.041753189,0.078804628
244,30,214,0,356,0.12295082,1,0.218978102,0.12295082,0.858933224,1.751761142,val_mse,20,12,TRUE,5,70.3125,0.078804628,0.041753189,0.078804628
181,30,151,0,419,0.165745856,1,0.28436019,0.165745856,0.712625742,1.461256467,val_1se,1,12,TRUE,11,154.6875,0.108263673,0.078804628,0.108263673
180,30,150,0,420,0.166666667,1,0.285714286,0.166666667,0.877841754,1.763872521,val_1se,3,12,TRUE,8,112.5,0.108263673,0.078804628,0.108263673
173,30,143,0,427,0.173410405,1,0.295566502,0.173410405,0.931980285,1.88434686,val_1se,5,12,TRUE,6,84.375,0.108263673,0.078804628,0.108263673
175,30,145,0,425,0.171428571,1,0.292682927,0.171428571,0.979465749,2.000492016,val_1se,10,12,TRUE,5,70.3125,0.108263673,0.078804628,0.108263673
177,30,147,0,423,0.169491525,1,0.289855072,0.169491525,0.999802887,2.05316823,val_1se,20,12,TRUE,4,56.25,0.108263673,0.078804628,0.108263673
600,30,570,0,0,0.05,1,0.095238095,0.05,1.01E+59,1.00E+118,BIC,1,12,FALSE,3000,42187.5,1.00E-04,1.00E-04,1.00E-04
600,30,570,0,0,0.05,1,0.095238095,0.05,3.05E+57,8.95E+114,BIC,3,12,FALSE,3000,42187.5,1.00E-04,1.00E-04,1.00E-04
600,30,570,0,0,0.05,1,0.095238095,0.05,2.17E+58,4.43E+116,BIC,5,12,FALSE,3000,42187.5,1.00E-04,1.00E-04,1.00E-04
600,30,570,0,0,0.05,1,0.095238095,0.05,7.12E+59,5.01E+119,BIC,10,12,FALSE,3000,42187.5,1.00E-04,1.00E-04,1.00E-04
600,30,570,0,0,0.05,1,0.095238095,0.05,3.13E+60,9.72E+120,BIC,20,12,FALSE,3000,42187.5,1.00E-04,1.00E-04,1.00E-04
600,30,570,0,0,0.05,1,0.095238095,0.05,1.01E+59,1.00E+118,EBIC_g05,1,12,FALSE,3000,42187.5,1.00E-04,1.00E-04,1.00E-04
600,30,570,0,0,0.05,1,0.095238095,0.05,3.05E+57,8.95E+114,EBIC_g05,3,12,FALSE,3000,42187.5,1.00E-04,1.00E-04,1.00E-04
600,30,570,0,0,0.05,1,0.095238095,0.05,2.17E+58,4.43E+116,EBIC_g05,5,12,FALSE,3000,42187.5,1.00E-04,1.00E-04,1.00E-04
600,30,570,0,0,0.05,1,0.095238095,0.05,7.12E+59,5.01E+119,EBIC_g05,10,12,FALSE,3000,42187.5,1.00E-04,1.00E-04,1.00E-04
600,30,570,0,0,0.05,1,0.095238095,0.05,3.13E+60,9.72E+120,EBIC_g05,20,12,FALSE,3000,42187.5,1.00E-04,1.00E-04,1.00E-04
600,30,570,0,0,0.05,1,0.095238095,0.05,1.01E+59,1.00E+118,EBIC_g10,1,12,FALSE,3000,42187.5,1.00E-04,1.00E-04,1.00E-04
600,30,570,0,0,0.05,1,0.095238095,0.05,3.05E+57,8.95E+114,EBIC_g10,3,12,FALSE,3000,42187.5,1.00E-04,1.00E-04,1.00E-04
600,30,570,0,0,0.05,1,0.095238095,0.05,2.17E+58,4.43E+116,EBIC_g10,5,12,FALSE,3000,42187.5,1.00E-04,1.00E-04,1.00E-04
600,30,570,0,0,0.05,1,0.095238095,0.05,7.12E+59,5.01E+119,EBIC_g10,10,12,FALSE,3000,42187.5,1.00E-04,1.00E-04,1.00E-04
600,30,570,0,0,0.05,1,0.095238095,0.05,3.13E+60,9.72E+120,EBIC_g10,20,12,FALSE,3000,42187.5,1.00E-04,1.00E-04,1.00E-04
42,30,12,0,558,0.714285714,1,0.833333333,0.714285714,3.805098361,16.22456182,oracle_F1,1,12,TRUE,9,126.5625,0.529831691,0.529831691,1
44,30,14,0,556,0.681818182,1,0.810810811,0.681818182,4.02110014,18.08543478,oracle_F1,3,12,TRUE,4,56.25,0.529831691,0.529831691,1
44,30,14,0,556,0.681818182,1,0.810810811,0.681818182,4.036072061,18.21196422,oracle_F1,5,12,TRUE,3,42.1875,0.529831691,0.529831691,1
44,30,14,0,556,0.681818182,1,0.810810811,0.681818182,4.038140936,18.22939943,oracle_F1,10,12,TRUE,3,42.1875,0.529831691,0.529831691,1
44,30,14,0,556,0.681818182,1,0.810810811,0.681818182,4.038152579,18.22949728,oracle_F1,20,12,TRUE,2,28.125,0.529831691,0.529831691,1
352,30,322,0,248,0.085227273,1,0.157068063,0.085227273,0.492483477,1.257590022,val_mse,1,13,TRUE,16,225,0.057361525,0.041753189,0.057361525
311,30,281,0,289,0.096463023,1,0.175953079,0.096463023,0.640283902,1.439211492,val_mse,3,13,TRUE,10,140.625,0.057361525,0.041753189,0.057361525
309,30,279,0,291,0.097087379,1,0.17699115,0.097087379,0.687230896,1.519873025,val_mse,5,13,TRUE,8,112.5,0.057361525,0.041753189,0.057361525
297,30,267,0,303,0.101010101,1,0.183486239,0.101010101,0.736402144,1.598272228,val_mse,10,13,TRUE,6,84.375,0.057361525,0.041753189,0.057361525
288,30,258,0,312,0.104166667,1,0.188679245,0.104166667,0.763649085,1.639631719,val_mse,20,13,TRUE,5,70.3125,0.057361525,0.041753189,0.057361525
167,30,137,0,433,0.179640719,1,0.304568528,0.179640719,0.717789061,1.586959088,val_1se,1,13,TRUE,11,154.6875,0.108263673,0.108263673,0.108263673
171,30,141,0,429,0.175438596,1,0.298507463,0.175438596,0.878751882,1.870829189,val_1se,3,13,TRUE,7,98.4375,0.108263673,0.108263673,0.108263673
167,30,137,0,433,0.179640719,1,0.304568528,0.179640719,0.920276265,1.94672443,val_1se,5,13,TRUE,6,84.375,0.108263673,0.108263673,0.108263673
163,30,133,0,437,0.18404908,1,0.310880829,0.18404908,0.95138838,2.001162776,val_1se,10,13,TRUE,5,70.3125,0.108263673,0.108263673,0.108263673
159,30,129,0,441,0.188679245,1,0.317460317,0.188679245,0.961202079,2.019892531,val_1se,20,13,TRUE,4,56.25,0.108263673,0.108263673,0.108263673
600,30,570,0,0,0.05,1,0.095238095,0.05,3.83E+58,1.52E+117,BIC,1,13,FALSE,3000,42187.5,1.00E-04,1.00E-04,1.00E-04
600,30,570,0,0,0.05,1,0.095238095,0.05,1.58E+64,2.39E+128,BIC,3,13,FALSE,3000,42187.5,1.00E-04,1.00E-04,1.00E-04
600,30,570,0,0,0.05,1,0.095238095,0.05,2.06E+65,4.14E+130,BIC,5,13,FALSE,3000,42187.5,1.00E-04,1.00E-04,1.00E-04
600,30,570,0,0,0.05,1,0.095238095,0.05,2.69E+66,8.09E+132,BIC,10,13,FALSE,3000,42187.5,1.00E-04,1.00E-04,1.00E-04
600,30,570,0,0,0.05,1,0.095238095,0.05,5.80E+66,3.79E+133,BIC,20,13,FALSE,3000,42187.5,1.00E-04,1.00E-04,1.00E-04
600,30,570,0,0,0.05,1,0.095238095,0.05,3.83E+58,1.52E+117,EBIC_g05,1,13,FALSE,3000,42187.5,1.00E-04,1.00E-04,1.00E-04
600,30,570,0,0,0.05,1,0.095238095,0.05,1.58E+64,2.39E+128,EBIC_g05,3,13,FALSE,3000,42187.5,1.00E-04,1.00E-04,1.00E-04
600,30,570,0,0,0.05,1,0.095238095,0.05,2.06E+65,4.14E+130,EBIC_g05,5,13,FALSE,3000,42187.5,1.00E-04,1.00E-04,1.00E-04
600,30,570,0,0,0.05,1,0.095238095,0.05,2.69E+66,8.09E+132,EBIC_g05,10,13,FALSE,3000,42187.5,1.00E-04,1.00E-04,1.00E-04
600,30,570,0,0,0.05,1,0.095238095,0.05,5.80E+66,3.79E+133,EBIC_g05,20,13,FALSE,3000,42187.5,1.00E-04,1.00E-04,1.00E-04
600,30,570,0,0,0.05,1,0.095238095,0.05,3.83E+58,1.52E+117,EBIC_g10,1,13,FALSE,3000,42187.5,1.00E-04,1.00E-04,1.00E-04
600,30,570,0,0,0.05,1,0.095238095,0.05,1.58E+64,2.39E+128,EBIC_g10,3,13,FALSE,3000,42187.5,1.00E-04,1.00E-04,1.00E-04
600,30,570,0,0,0.05,1,0.095238095,0.05,2.06E+65,4.14E+130,EBIC_g10,5,13,FALSE,3000,42187.5,1.00E-04,1.00E-04,1.00E-04
600,30,570,0,0,0.05,1,0.095238095,0.05,2.69E+66,8.09E+132,EBIC_g10,10,13,FALSE,3000,42187.5,1.00E-04,1.00E-04,1.00E-04
600,30,570,0,0,0.05,1,0.095238095,0.05,5.80E+66,3.79E+133,EBIC_g10,20,13,FALSE,3000,42187.5,1.00E-04,1.00E-04,1.00E-04
56,30,26,0,544,0.535714286,1,0.697674419,0.535714286,2.719002263,8.679827961,oracle_F1,1,13,TRUE,9,126.5625,0.529831691,0.385662042,0.385662042
67,30,37,0,533,0.447761194,1,0.618556701,0.447761194,2.906677956,9.694333929,oracle_F1,3,13,TRUE,6,84.375,0.529831691,0.385662042,0.385662042
65,30,35,0,535,0.461538462,1,0.631578947,0.461538462,2.949839878,9.929915446,oracle_F1,5,13,TRUE,5,70.3125,0.529831691,0.385662042,0.385662042
66,30,36,0,534,0.454545455,1,0.625,0.454545455,2.978537798,10.08429386,oracle_F1,10,13,TRUE,4,56.25,0.529831691,0.385662042,0.385662042
66,30,36,0,534,0.454545455,1,0.625,0.454545455,2.983766021,10.11300466,oracle_F1,20,13,TRUE,3,42.1875,0.529831691,0.385662042,0.385662042
593,30,563,0,7,0.050590219,1,0.096308186,0.050590219,0.560279308,1.419962841,val_mse,1,14,TRUE,22,309.375,0.057361525,0.041753189,1.00E-04
595,30,565,0,5,0.050420168,1,0.096,0.050420168,0.661459219,1.449021407,val_mse,3,14,TRUE,13,182.8125,0.057361525,0.041753189,1.00E-04
590,30,560,0,10,0.050847458,1,0.096774194,0.050847458,0.695048648,1.472260565,val_mse,5,14,TRUE,11,154.6875,0.057361525,0.041753189,1.00E-04
587,30,557,0,13,0.051107325,1,0.097244733,0.051107325,0.724390929,1.4896385,val_mse,10,14,TRUE,10,140.625,0.057361525,0.041753189,1.00E-04
571,30,541,0,29,0.052539405,1,0.099833611,0.052539405,0.737373531,1.494547495,val_mse,20,14,TRUE,9,126.5625,0.057361525,0.041753189,1.00E-04
167,30,137,0,433,0.179640719,1,0.304568528,0.179640719,0.815503824,1.6031546,val_1se,1,14,TRUE,11,154.6875,0.108263673,0.108263673,0.108263673
172,30,142,0,428,0.174418605,1,0.297029703,0.174418605,0.982424351,1.811510409,val_1se,3,14,TRUE,8,112.5,0.108263673,0.108263673,0.108263673
179,30,149,0,421,0.167597765,1,0.28708134,0.167597765,1.041084838,1.903722315,val_1se,5,14,TRUE,7,98.4375,0.108263673,0.108263673,0.108263673
179,30,149,0,421,0.167597765,1,0.28708134,0.167597765,1.102724403,2.007882073,val_1se,10,14,TRUE,5,70.3125,0.108263673,0.108263673,0.108263673
177,30,147,0,423,0.169491525,1,0.289855072,0.169491525,1.146900108,2.087704226,val_1se,20,14,TRUE,4,56.25,0.108263673,0.108263673,0.108263673
600,30,570,0,0,0.05,1,0.095238095,0.05,8.49E+64,8.42E+129,BIC,1,14,FALSE,3000,42187.5,1.00E-04,1.00E-04,1.00E-04
600,30,570,0,0,0.05,1,0.095238095,0.05,2.12E+72,5.28E+144,BIC,3,14,FALSE,3000,42187.5,1.00E-04,1.00E-04,1.00E-04
600,30,570,0,0,0.05,1,0.095238095,0.05,4.39E+73,2.27E+147,BIC,5,14,FALSE,3000,42187.5,1.00E-04,1.00E-04,1.00E-04
600,30,570,0,0,0.05,1,0.095238095,0.05,1.25E+74,1.84E+148,BIC,10,14,FALSE,3000,42187.5,1.00E-04,1.00E-04,1.00E-04
600,30,570,0,0,0.05,1,0.095238095,0.05,1.11E+74,1.43E+148,BIC,20,14,FALSE,3000,42187.5,1.00E-04,1.00E-04,1.00E-04
600,30,570,0,0,0.05,1,0.095238095,0.05,8.49E+64,8.42E+129,EBIC_g05,1,14,FALSE,3000,42187.5,1.00E-04,1.00E-04,1.00E-04
600,30,570,0,0,0.05,1,0.095238095,0.05,2.12E+72,5.28E+144,EBIC_g05,3,14,FALSE,3000,42187.5,1.00E-04,1.00E-04,1.00E-04
600,30,570,0,0,0.05,1,0.095238095,0.05,4.39E+73,2.27E+147,EBIC_g05,5,14,FALSE,3000,42187.5,1.00E-04,1.00E-04,1.00E-04
600,30,570,0,0,0.05,1,0.095238095,0.05,1.25E+74,1.84E+148,EBIC_g05,10,14,FALSE,3000,42187.5,1.00E-04,1.00E-04,1.00E-04
600,30,570,0,0,0.05,1,0.095238095,0.05,1.11E+74,1.43E+148,EBIC_g05,20,14,FALSE,3000,42187.5,1.00E-04,1.00E-04,1.00E-04
600,30,570,0,0,0.05,1,0.095238095,0.05,8.49E+64,8.42E+129,EBIC_g10,1,14,FALSE,3000,42187.5,1.00E-04,1.00E-04,1.00E-04
600,30,570,0,0,0.05,1,0.095238095,0.05,2.12E+72,5.28E+144,EBIC_g10,3,14,FALSE,3000,42187.5,1.00E-04,1.00E-04,1.00E-04
600,30,570,0,0,0.05,1,0.095238095,0.05,4.39E+73,2.27E+147,EBIC_g10,5,14,FALSE,3000,42187.5,1.00E-04,1.00E-04,1.00E-04
600,30,570,0,0,0.05,1,0.095238095,0.05,1.25E+74,1.84E+148,EBIC_g10,10,14,FALSE,3000,42187.5,1.00E-04,1.00E-04,1.00E-04
600,30,570,0,0,0.05,1,0.095238095,0.05,1.11E+74,1.43E+148,EBIC_g10,20,14,FALSE,3000,42187.5,1.00E-04,1.00E-04,1.00E-04
46,30,16,0,554,0.652173913,1,0.789473684,0.652173913,3.832631339,14.3604417,oracle_F1,1,14,TRUE,9,126.5625,0.529831691,0.529831691,1
50,30,20,0,550,0.6,1,0.75,0.6,4.038501666,15.72534874,oracle_F1,3,14,TRUE,5,70.3125,0.529831691,0.529831691,1
51,30,21,0,549,0.588235294,1,0.740740741,0.588235294,4.064553345,15.89844752,oracle_F1,5,14,TRUE,4,56.25,0.529831691,0.529831691,1
51,30,21,0,549,0.588235294,1,0.740740741,0.588235294,4.069589801,15.93050527,oracle_F1,10,14,TRUE,3,42.1875,0.529831691,0.529831691,1
51,30,21,0,549,0.588235294,1,0.740740741,0.588235294,4.069646214,15.9308873,oracle_F1,20,14,TRUE,2,28.125,0.529831691,0.529831691,1
267,30,237,0,333,0.112359551,1,0.202020202,0.112359551,0.608503141,1.457980758,val_mse,1,15,TRUE,13,182.8125,0.057361525,0.078804628,0.078804628
252,30,222,0,348,0.119047619,1,0.212765957,0.119047619,0.751221897,1.587343888,val_mse,3,15,TRUE,8,112.5,0.057361525,0.078804628,0.078804628
240,30,210,0,360,0.125,1,0.222222222,0.125,0.802536008,1.630732458,val_mse,5,15,TRUE,8,112.5,0.057361525,0.078804628,0.078804628
234,30,204,0,366,0.128205128,1,0.227272727,0.128205128,0.864861075,1.690060191,val_mse,10,15,TRUE,6,84.375,0.057361525,0.078804628,0.078804628
237,30,207,0,363,0.126582278,1,0.224719101,0.126582278,0.904519994,1.741649601,val_mse,20,15,TRUE,5,70.3125,0.057361525,0.078804628,0.078804628
168,30,138,0,432,0.178571429,1,0.303030303,0.178571429,0.778383621,1.617136904,val_1se,1,15,TRUE,11,154.6875,0.078804628,0.108263673,0.148735211
164,30,134,0,436,0.182926829,1,0.309278351,0.182926829,0.931857542,1.784832906,val_1se,3,15,TRUE,7,98.4375,0.078804628,0.108263673,0.148735211
167,30,137,0,433,0.179640719,1,0.304568528,0.179640719,0.983184937,1.850324862,val_1se,5,15,TRUE,6,84.375,0.078804628,0.108263673,0.148735211
169,30,139,0,431,0.177514793,1,0.301507538,0.177514793,1.032991232,1.921021644,val_1se,10,15,TRUE,5,70.3125,0.078804628,0.108263673,0.148735211
171,30,141,0,429,0.175438596,1,0.298507463,0.175438596,1.059784631,1.964516717,val_1se,20,15,TRUE,4,56.25,0.078804628,0.108263673,0.148735211
600,30,570,0,0,0.05,1,0.095238095,0.05,1.14E+51,1.30E+102,BIC,1,15,FALSE,3000,42187.5,1.00E-04,1.00E-04,1.00E-04
600,30,570,0,0,0.05,1,0.095238095,0.05,3.90E+51,1.53E+103,BIC,3,15,FALSE,3000,42187.5,1.00E-04,1.00E-04,1.00E-04
600,30,570,0,0,0.05,1,0.095238095,0.05,4.13E+50,1.70E+101,BIC,5,15,FALSE,3000,42187.5,1.00E-04,1.00E-04,1.00E-04
600,30,570,0,0,0.05,1,0.095238095,0.05,2.07E+49,4.64E+98,BIC,10,15,FALSE,3000,42187.5,1.00E-04,1.00E-04,1.00E-04
600,30,570,0,0,0.05,1,0.095238095,0.05,4.71E+50,2.29E+101,BIC,20,15,FALSE,3000,42187.5,1.00E-04,1.00E-04,1.00E-04
600,30,570,0,0,0.05,1,0.095238095,0.05,1.14E+51,1.30E+102,EBIC_g05,1,15,FALSE,3000,42187.5,1.00E-04,1.00E-04,1.00E-04
600,30,570,0,0,0.05,1,0.095238095,0.05,3.90E+51,1.53E+103,EBIC_g05,3,15,FALSE,3000,42187.5,1.00E-04,1.00E-04,1.00E-04
600,30,570,0,0,0.05,1,0.095238095,0.05,4.13E+50,1.70E+101,EBIC_g05,5,15,FALSE,3000,42187.5,1.00E-04,1.00E-04,1.00E-04
600,30,570,0,0,0.05,1,0.095238095,0.05,2.07E+49,4.64E+98,EBIC_g05,10,15,FALSE,3000,42187.5,1.00E-04,1.00E-04,1.00E-04
600,30,570,0,0,0.05,1,0.095238095,0.05,4.71E+50,2.29E+101,EBIC_g05,20,15,FALSE,3000,42187.5,1.00E-04,1.00E-04,1.00E-04
600,30,570,0,0,0.05,1,0.095238095,0.05,1.14E+51,1.30E+102,EBIC_g10,1,15,FALSE,3000,42187.5,1.00E-04,1.00E-04,1.00E-04
600,30,570,0,0,0.05,1,0.095238095,0.05,3.90E+51,1.53E+103,EBIC_g10,3,15,FALSE,3000,42187.5,1.00E-04,1.00E-04,1.00E-04
600,30,570,0,0,0.05,1,0.095238095,0.05,4.13E+50,1.70E+101,EBIC_g10,5,15,FALSE,3000,42187.5,1.00E-04,1.00E-04,1.00E-04
600,30,570,0,0,0.05,1,0.095238095,0.05,2.07E+49,4.64E+98,EBIC_g10,10,15,FALSE,3000,42187.5,1.00E-04,1.00E-04,1.00E-04
600,30,570,0,0,0.05,1,0.095238095,0.05,4.71E+50,2.29E+101,EBIC_g10,20,15,FALSE,3000,42187.5,1.00E-04,1.00E-04,1.00E-04
48,30,18,0,552,0.625,1,0.769230769,0.625,3.317515252,9.720675306,oracle_F1,1,15,TRUE,9,126.5625,0.529831691,0.385662042,0.727895384
49,30,19,0,551,0.612244898,1,0.759493671,0.612244898,3.479057226,10.58041697,oracle_F1,3,15,TRUE,5,70.3125,0.529831691,0.385662042,0.727895384
49,30,19,0,551,0.612244898,1,0.759493671,0.612244898,3.493552659,10.67519531,oracle_F1,5,15,TRUE,3,42.1875,0.529831691,0.385662042,0.727895384
49,30,19,0,551,0.612244898,1,0.759493671,0.612244898,3.495598721,10.68856855,oracle_F1,10,15,TRUE,3,42.1875,0.529831691,0.385662042,0.727895384
49,30,19,0,551,0.612244898,1,0.759493671,0.612244898,3.495613596,10.68865196,oracle_F1,20,15,TRUE,2,28.125,0.529831691,0.385662042,0.727895384
263,30,233,0,337,0.114068441,1,0.204778157,0.114068441,0.503972414,1.184738937,val_mse,1,16,TRUE,14,196.875,0.057361525,0.078804628,0.078804628
250,30,220,0,350,0.12,1,0.214285714,0.12,0.631667107,1.364287003,val_mse,3,16,TRUE,8,112.5,0.057361525,0.078804628,0.078804628
245,30,215,0,355,0.12244898,1,0.218181818,0.12244898,0.664486095,1.425753569,val_mse,5,16,TRUE,6,84.375,0.057361525,0.078804628,0.078804628
247,30,217,0,353,0.12145749,1,0.216606498,0.12145749,0.691514654,1.479035637,val_mse,10,16,TRUE,5,70.3125,0.057361525,0.078804628,0.078804628
247,30,217,0,353,0.12145749,1,0.216606498,0.12145749,0.702708086,1.501328848,val_mse,20,16,TRUE,4,56.25,0.057361525,0.078804628,0.078804628
172,30,142,0,428,0.174418605,1,0.297029703,0.174418605,0.658666103,1.427338367,val_1se,1,16,TRUE,12,168.75,0.078804628,0.108263673,0.148735211
174,30,144,0,426,0.172413793,1,0.294117647,0.172413793,0.770647824,1.625651735,val_1se,3,16,TRUE,7,98.4375,0.078804628,0.108263673,0.148735211
176,30,146,0,424,0.170454545,1,0.291262136,0.170454545,0.797083241,1.682478427,val_1se,5,16,TRUE,5,70.3125,0.078804628,0.108263673,0.148735211
177,30,147,0,423,0.169491525,1,0.289855072,0.169491525,0.817164654,1.731877285,val_1se,10,16,TRUE,4,56.25,0.078804628,0.108263673,0.148735211
176,30,146,0,424,0.170454545,1,0.291262136,0.170454545,0.822424566,1.744190999,val_1se,20,16,TRUE,3,42.1875,0.078804628,0.108263673,0.148735211
600,30,570,0,0,0.05,1,0.095238095,0.05,2.21E+53,3.79E+106,BIC,1,16,FALSE,3000,42187.5,1.00E-04,1.00E-04,1.00E-04
600,30,570,0,0,0.05,1,0.095238095,0.05,1.80E+60,2.97E+120,BIC,3,16,FALSE,3000,42187.5,1.00E-04,1.00E-04,1.00E-04
600,30,570,0,0,0.05,1,0.095238095,0.05,3.84E+62,1.26E+125,BIC,5,16,FALSE,3000,42187.5,1.00E-04,1.00E-04,1.00E-04
600,30,570,0,0,0.05,1,0.095238095,0.05,3.31E+64,8.92E+128,BIC,10,16,FALSE,3000,42187.5,1.00E-04,1.00E-04,1.00E-04
600,30,570,0,0,0.05,1,0.095238095,0.05,3.20E+65,8.34E+130,BIC,20,16,FALSE,3000,42187.5,1.00E-04,1.00E-04,1.00E-04
600,30,570,0,0,0.05,1,0.095238095,0.05,2.21E+53,3.79E+106,EBIC_g05,1,16,FALSE,3000,42187.5,1.00E-04,1.00E-04,1.00E-04
600,30,570,0,0,0.05,1,0.095238095,0.05,1.80E+60,2.97E+120,EBIC_g05,3,16,FALSE,3000,42187.5,1.00E-04,1.00E-04,1.00E-04
600,30,570,0,0,0.05,1,0.095238095,0.05,3.84E+62,1.26E+125,EBIC_g05,5,16,FALSE,3000,42187.5,1.00E-04,1.00E-04,1.00E-04
600,30,570,0,0,0.05,1,0.095238095,0.05,3.31E+64,8.92E+128,EBIC_g05,10,16,FALSE,3000,42187.5,1.00E-04,1.00E-04,1.00E-04
600,30,570,0,0,0.05,1,0.095238095,0.05,3.20E+65,8.34E+130,EBIC_g05,20,16,FALSE,3000,42187.5,1.00E-04,1.00E-04,1.00E-04
600,30,570,0,0,0.05,1,0.095238095,0.05,2.21E+53,3.79E+106,EBIC_g10,1,16,FALSE,3000,42187.5,1.00E-04,1.00E-04,1.00E-04
600,30,570,0,0,0.05,1,0.095238095,0.05,1.80E+60,2.97E+120,EBIC_g10,3,16,FALSE,3000,42187.5,1.00E-04,1.00E-04,1.00E-04
600,30,570,0,0,0.05,1,0.095238095,0.05,3.84E+62,1.26E+125,EBIC_g10,5,16,FALSE,3000,42187.5,1.00E-04,1.00E-04,1.00E-04
600,30,570,0,0,0.05,1,0.095238095,0.05,3.31E+64,8.92E+128,EBIC_g10,10,16,FALSE,3000,42187.5,1.00E-04,1.00E-04,1.00E-04
600,30,570,0,0,0.05,1,0.095238095,0.05,3.20E+65,8.34E+130,EBIC_g10,20,16,FALSE,3000,42187.5,1.00E-04,1.00E-04,1.00E-04
39,30,9,0,561,0.769230769,1,0.869565217,0.769230769,3.066422919,12.91799822,oracle_F1,1,16,TRUE,9,126.5625,0.529831691,0.385662042,0.727895384
45,30,15,0,555,0.666666667,1,0.8,0.666666667,3.175580768,13.85204405,oracle_F1,3,16,TRUE,4,56.25,0.529831691,0.385662042,0.727895384
44,30,14,0,556,0.681818182,1,0.810810811,0.681818182,3.19361134,14.00578147,oracle_F1,5,16,TRUE,3,42.1875,0.529831691,0.385662042,0.727895384
44,30,14,0,556,0.681818182,1,0.810810811,0.681818182,3.200054575,14.05802852,oracle_F1,10,16,TRUE,3,42.1875,0.529831691,0.385662042,0.727895384
44,30,14,0,556,0.681818182,1,0.810810811,0.681818182,3.200239578,14.05945572,oracle_F1,20,16,TRUE,2,28.125,0.529831691,0.385662042,0.727895384
382,30,352,0,218,0.078534031,1,0.145631068,0.078534031,0.537555605,1.308953732,val_mse,1,17,TRUE,17,239.0625,0.041753189,0.078804628,0.041753189
341,30,311,0,259,0.08797654,1,0.161725067,0.08797654,0.652530716,1.532926455,val_mse,3,17,TRUE,9,126.5625,0.041753189,0.078804628,0.041753189
329,30,299,0,271,0.09118541,1,0.167130919,0.09118541,0.692848482,1.611439692,val_mse,5,17,TRUE,8,112.5,0.041753189,0.078804628,0.041753189
306,30,276,0,294,0.098039216,1,0.178571429,0.098039216,0.740565412,1.696991084,val_mse,10,17,TRUE,6,84.375,0.041753189,0.078804628,0.041753189
301,30,271,0,299,0.099667774,1,0.181268882,0.099667774,0.772918522,1.752040598,val_mse,20,17,TRUE,5,70.3125,0.041753189,0.078804628,0.041753189
197,30,167,0,403,0.152284264,1,0.264317181,0.152284264,0.726884442,1.674404236,val_1se,1,17,TRUE,11,154.6875,0.078804628,0.108263673,0.148735211
194,30,164,0,406,0.154639175,1,0.267857143,0.154639175,0.869852188,1.952270264,val_1se,3,17,TRUE,6,84.375,0.078804628,0.108263673,0.148735211
191,30,161,0,409,0.157068063,1,0.271493213,0.157068063,0.91455278,2.038377871,val_1se,5,17,TRUE,5,70.3125,0.078804628,0.108263673,0.148735211
189,30,159,0,411,0.158730159,1,0.273972603,0.158730159,0.951142924,2.112203655,val_1se,10,17,TRUE,4,56.25,0.078804628,0.108263673,0.148735211
190,30,160,0,410,0.157894737,1,0.272727273,0.157894737,0.962901726,2.135848093,val_1se,20,17,TRUE,3,42.1875,0.078804628,0.108263673,0.148735211
600,30,570,0,0,0.05,1,0.095238095,0.05,1.27E+53,1.58E+106,BIC,1,17,FALSE,3000,42187.5,1.00E-04,1.00E-04,1.00E-04
600,30,570,0,0,0.05,1,0.095238095,0.05,2.26E+54,4.77E+108,BIC,3,17,FALSE,3000,42187.5,1.00E-04,1.00E-04,1.00E-04
600,30,570,0,0,0.05,1,0.095238095,0.05,1.93E+56,3.35E+112,BIC,5,17,FALSE,3000,42187.5,1.00E-04,1.00E-04,1.00E-04
600,30,570,0,0,0.05,1,0.095238095,0.05,1.21E+56,1.28E+112,BIC,10,17,FALSE,3000,42187.5,1.00E-04,1.00E-04,1.00E-04
600,30,570,0,0,0.05,1,0.095238095,0.05,3.19E+55,8.89E+110,BIC,20,17,FALSE,3000,42187.5,1.00E-04,1.00E-04,1.00E-04
600,30,570,0,0,0.05,1,0.095238095,0.05,1.27E+53,1.58E+106,EBIC_g05,1,17,FALSE,3000,42187.5,1.00E-04,1.00E-04,1.00E-04
600,30,570,0,0,0.05,1,0.095238095,0.05,2.26E+54,4.77E+108,EBIC_g05,3,17,FALSE,3000,42187.5,1.00E-04,1.00E-04,1.00E-04
600,30,570,0,0,0.05,1,0.095238095,0.05,1.93E+56,3.35E+112,EBIC_g05,5,17,FALSE,3000,42187.5,1.00E-04,1.00E-04,1.00E-04
600,30,570,0,0,0.05,1,0.095238095,0.05,1.21E+56,1.28E+112,EBIC_g05,10,17,FALSE,3000,42187.5,1.00E-04,1.00E-04,1.00E-04
600,30,570,0,0,0.05,1,0.095238095,0.05,3.19E+55,8.89E+110,EBIC_g05,20,17,FALSE,3000,42187.5,1.00E-04,1.00E-04,1.00E-04
600,30,570,0,0,0.05,1,0.095238095,0.05,1.27E+53,1.58E+106,EBIC_g10,1,17,FALSE,3000,42187.5,1.00E-04,1.00E-04,1.00E-04
600,30,570,0,0,0.05,1,0.095238095,0.05,2.26E+54,4.77E+108,EBIC_g10,3,17,FALSE,3000,42187.5,1.00E-04,1.00E-04,1.00E-04
600,30,570,0,0,0.05,1,0.095238095,0.05,1.93E+56,3.35E+112,EBIC_g10,5,17,FALSE,3000,42187.5,1.00E-04,1.00E-04,1.00E-04
600,30,570,0,0,0.05,1,0.095238095,0.05,1.21E+56,1.28E+112,EBIC_g10,10,17,FALSE,3000,42187.5,1.00E-04,1.00E-04,1.00E-04
600,30,570,0,0,0.05,1,0.095238095,0.05,3.19E+55,8.89E+110,EBIC_g10,20,17,FALSE,3000,42187.5,1.00E-04,1.00E-04,1.00E-04
43,30,13,0,557,0.697674419,1,0.821917808,0.697674419,3.46140109,14.32623328,oracle_F1,1,17,TRUE,8,112.5,0.529831691,0.529831691,0.727895384
48,30,18,0,552,0.625,1,0.769230769,0.625,3.618053234,15.48544725,oracle_F1,3,17,TRUE,5,70.3125,0.529831691,0.529831691,0.727895384
49,30,19,0,551,0.612244898,1,0.759493671,0.612244898,3.642565129,15.65498936,oracle_F1,5,17,TRUE,4,56.25,0.529831691,0.529831691,0.727895384
50,30,20,0,550,0.6,1,0.75,0.6,3.650089337,15.70627894,oracle_F1,10,17,TRUE,3,42.1875,0.529831691,0.529831691,0.727895384
49,30,19,0,551,0.612244898,1,0.759493671,0.612244898,3.650314895,15.70781267,oracle_F1,20,17,TRUE,2,28.125,0.529831691,0.529831691,0.727895384
585,30,555,0,15,0.051282051,1,0.097560976,0.051282051,0.575712656,1.620503806,val_mse,1,18,TRUE,17,239.0625,0.078804628,0.057361525,0.000356225
590,30,560,0,10,0.050847458,1,0.096774194,0.050847458,0.688897095,1.790168419,val_mse,3,18,TRUE,11,154.6875,0.078804628,0.057361525,0.000356225
575,30,545,0,25,0.052173913,1,0.099173554,0.052173913,0.712105563,1.814584101,val_mse,5,18,TRUE,10,140.625,0.078804628,0.057361525,0.000356225
550,30,520,0,50,0.054545455,1,0.103448276,0.054545455,0.728411741,1.832317698,val_mse,10,18,TRUE,9,126.5625,0.078804628,0.057361525,0.000356225
515,30,485,0,85,0.058252427,1,0.110091743,0.058252427,0.732574865,1.845982892,val_mse,20,18,TRUE,9,126.5625,0.078804628,0.057361525,0.000356225
224,30,194,0,376,0.133928571,1,0.236220472,0.133928571,0.741510873,1.942966383,val_1se,1,18,TRUE,12,168.75,0.108263673,0.108263673,0.057361525
206,30,176,0,394,0.145631068,1,0.254237288,0.145631068,0.911506149,2.273138824,val_1se,3,18,TRUE,8,112.5,0.108263673,0.108263673,0.057361525
201,30,171,0,399,0.149253731,1,0.25974026,0.149253731,0.960424545,2.386972795,val_1se,5,18,TRUE,8,112.5,0.108263673,0.108263673,0.057361525
196,30,166,0,404,0.153061224,1,0.265486726,0.153061224,1.010804402,2.526820944,val_1se,10,18,TRUE,7,98.4375,0.108263673,0.108263673,0.057361525
200,30,170,0,400,0.15,1,0.260869565,0.15,1.041567347,2.613265588,val_1se,20,18,TRUE,6,84.375,0.108263673,0.108263673,0.057361525
600,30,570,0,0,0.05,1,0.095238095,0.05,3.81E+48,1.40E+97,BIC,1,18,FALSE,3000,42187.5,1.00E-04,1.00E-04,1.00E-04
600,30,570,0,0,0.05,1,0.095238095,0.05,1.71E+50,2.76E+100,BIC,3,18,FALSE,3000,42187.5,1.00E-04,1.00E-04,1.00E-04
600,30,570,0,0,0.05,1,0.095238095,0.05,1.63E+50,2.39E+100,BIC,5,18,FALSE,3000,42187.5,1.00E-04,1.00E-04,1.00E-04
600,30,570,0,0,0.05,1,0.095238095,0.05,2.47E+50,5.80E+100,BIC,10,18,FALSE,3000,42187.5,1.00E-04,1.00E-04,1.00E-04
600,30,570,0,0,0.05,1,0.095238095,0.05,9.86E+50,8.65E+101,BIC,20,18,FALSE,3000,42187.5,1.00E-04,1.00E-04,1.00E-04
600,30,570,0,0,0.05,1,0.095238095,0.05,3.81E+48,1.40E+97,EBIC_g05,1,18,FALSE,3000,42187.5,1.00E-04,1.00E-04,1.00E-04
600,30,570,0,0,0.05,1,0.095238095,0.05,1.71E+50,2.76E+100,EBIC_g05,3,18,FALSE,3000,42187.5,1.00E-04,1.00E-04,1.00E-04
600,30,570,0,0,0.05,1,0.095238095,0.05,1.63E+50,2.39E+100,EBIC_g05,5,18,FALSE,3000,42187.5,1.00E-04,1.00E-04,1.00E-04
600,30,570,0,0,0.05,1,0.095238095,0.05,2.47E+50,5.80E+100,EBIC_g05,10,18,FALSE,3000,42187.5,1.00E-04,1.00E-04,1.00E-04
600,30,570,0,0,0.05,1,0.095238095,0.05,9.86E+50,8.65E+101,EBIC_g05,20,18,FALSE,3000,42187.5,1.00E-04,1.00E-04,1.00E-04
600,30,570,0,0,0.05,1,0.095238095,0.05,3.81E+48,1.40E+97,EBIC_g10,1,18,FALSE,3000,42187.5,1.00E-04,1.00E-04,1.00E-04
600,30,570,0,0,0.05,1,0.095238095,0.05,1.71E+50,2.76E+100,EBIC_g10,3,18,FALSE,3000,42187.5,1.00E-04,1.00E-04,1.00E-04
600,30,570,0,0,0.05,1,0.095238095,0.05,1.63E+50,2.39E+100,EBIC_g10,5,18,FALSE,3000,42187.5,1.00E-04,1.00E-04,1.00E-04
600,30,570,0,0,0.05,1,0.095238095,0.05,2.47E+50,5.80E+100,EBIC_g10,10,18,FALSE,3000,42187.5,1.00E-04,1.00E-04,1.00E-04
600,30,570,0,0,0.05,1,0.095238095,0.05,9.86E+50,8.65E+101,EBIC_g10,20,18,FALSE,3000,42187.5,1.00E-04,1.00E-04,1.00E-04
45,30,15,0,555,0.666666667,1,0.8,0.666666667,3.997949495,21.14702902,oracle_F1,1,18,TRUE,8,112.5,0.529831691,0.727895384,0.727895384
54,30,24,0,546,0.555555556,1,0.714285714,0.555555556,4.208314872,23.10421793,oracle_F1,3,18,TRUE,4,56.25,0.529831691,0.727895384,0.727895384
54,30,24,0,546,0.555555556,1,0.714285714,0.555555556,4.224441462,23.24820779,oracle_F1,5,18,TRUE,4,56.25,0.529831691,0.727895384,0.727895384
54,30,24,0,546,0.555555556,1,0.714285714,0.555555556,4.225298549,23.25387481,oracle_F1,10,18,TRUE,3,42.1875,0.529831691,0.727895384,0.727895384
54,30,24,0,546,0.555555556,1,0.714285714,0.555555556,4.22528648,23.25379872,oracle_F1,20,18,TRUE,2,28.125,0.529831691,0.727895384,0.727895384
346,30,316,0,254,0.086705202,1,0.159574468,0.086705202,0.496128029,1.213231974,val_mse,1,19,TRUE,15,210.9375,0.057361525,0.030391954,0.108263673
308,30,278,0,292,0.097402597,1,0.177514793,0.097402597,0.640354794,1.316441543,val_mse,3,19,TRUE,10,140.625,0.057361525,0.030391954,0.108263673
295,30,265,0,305,0.101694915,1,0.184615385,0.101694915,0.688219098,1.368456603,val_mse,5,19,TRUE,9,126.5625,0.057361525,0.030391954,0.108263673
292,30,262,0,308,0.102739726,1,0.186335404,0.102739726,0.728168764,1.408980598,val_mse,10,19,TRUE,7,98.4375,0.057361525,0.030391954,0.108263673
287,30,257,0,313,0.104529617,1,0.189274448,0.104529617,0.745783897,1.427300038,val_mse,20,19,TRUE,6,84.375,0.057361525,0.030391954,0.108263673
181,30,151,0,419,0.165745856,1,0.28436019,0.165745856,0.675291643,1.333264901,val_1se,1,19,TRUE,12,168.75,0.078804628,0.108263673,0.148735211
170,30,140,0,430,0.176470588,1,0.3,0.176470588,0.831901854,1.527462751,val_1se,3,19,TRUE,6,84.375,0.078804628,0.108263673,0.148735211
175,30,145,0,425,0.171428571,1,0.292682927,0.171428571,0.870019554,1.584630268,val_1se,5,19,TRUE,5,70.3125,0.078804628,0.108263673,0.148735211
177,30,147,0,423,0.169491525,1,0.289855072,0.169491525,0.890864693,1.616495934,val_1se,10,19,TRUE,4,56.25,0.078804628,0.108263673,0.148735211
177,30,147,0,423,0.169491525,1,0.289855072,0.169491525,0.896128078,1.624373461,val_1se,20,19,TRUE,3,42.1875,0.078804628,0.108263673,0.148735211
600,30,570,0,0,0.05,1,0.095238095,0.05,9.50E+57,9.04E+115,BIC,1,19,FALSE,3000,42187.5,1.00E-04,1.00E-04,1.00E-04
600,30,570,0,0,0.05,1,0.095238095,0.05,1.78E+62,3.12E+124,BIC,3,19,FALSE,3000,42187.5,1.00E-04,1.00E-04,1.00E-04
600,30,570,0,0,0.05,1,0.095238095,0.05,5.07E+63,2.42E+127,BIC,5,19,FALSE,3000,42187.5,1.00E-04,1.00E-04,1.00E-04
600,30,570,0,0,0.05,1,0.095238095,0.05,8.59E+64,6.62E+129,BIC,10,19,FALSE,3000,42187.5,1.00E-04,1.00E-04,1.00E-04
600,30,570,0,0,0.05,1,0.095238095,0.05,1.26E+65,1.41E+130,BIC,20,19,FALSE,3000,42187.5,1.00E-04,1.00E-04,1.00E-04
600,30,570,0,0,0.05,1,0.095238095,0.05,9.50E+57,9.04E+115,EBIC_g05,1,19,FALSE,3000,42187.5,1.00E-04,1.00E-04,1.00E-04
600,30,570,0,0,0.05,1,0.095238095,0.05,1.78E+62,3.12E+124,EBIC_g05,3,19,FALSE,3000,42187.5,1.00E-04,1.00E-04,1.00E-04
600,30,570,0,0,0.05,1,0.095238095,0.05,5.07E+63,2.42E+127,EBIC_g05,5,19,FALSE,3000,42187.5,1.00E-04,1.00E-04,1.00E-04
600,30,570,0,0,0.05,1,0.095238095,0.05,8.59E+64,6.62E+129,EBIC_g05,10,19,FALSE,3000,42187.5,1.00E-04,1.00E-04,1.00E-04
600,30,570,0,0,0.05,1,0.095238095,0.05,1.26E+65,1.41E+130,EBIC_g05,20,19,FALSE,3000,42187.5,1.00E-04,1.00E-04,1.00E-04
600,30,570,0,0,0.05,1,0.095238095,0.05,9.50E+57,9.04E+115,EBIC_g10,1,19,FALSE,3000,42187.5,1.00E-04,1.00E-04,1.00E-04
600,30,570,0,0,0.05,1,0.095238095,0.05,1.78E+62,3.12E+124,EBIC_g10,3,19,FALSE,3000,42187.5,1.00E-04,1.00E-04,1.00E-04
600,30,570,0,0,0.05,1,0.095238095,0.05,5.07E+63,2.42E+127,EBIC_g10,5,19,FALSE,3000,42187.5,1.00E-04,1.00E-04,1.00E-04
600,30,570,0,0,0.05,1,0.095238095,0.05,8.59E+64,6.62E+129,EBIC_g10,10,19,FALSE,3000,42187.5,1.00E-04,1.00E-04,1.00E-04
600,30,570,0,0,0.05,1,0.095238095,0.05,1.26E+65,1.41E+130,EBIC_g10,20,19,FALSE,3000,42187.5,1.00E-04,1.00E-04,1.00E-04
48,30,18,0,552,0.625,1,0.769230769,0.625,3.151663994,10.64317849,oracle_F1,1,19,TRUE,8,112.5,0.529831691,0.385662042,0.727895384
52,30,22,0,548,0.576923077,1,0.731707317,0.576923077,3.333077835,11.82334565,oracle_F1,3,19,TRUE,5,70.3125,0.529831691,0.385662042,0.727895384
52,30,22,0,548,0.576923077,1,0.731707317,0.576923077,3.358908085,11.99632992,oracle_F1,5,19,TRUE,4,56.25,0.529831691,0.385662042,0.727895384
52,30,22,0,548,0.576923077,1,0.731707317,0.576923077,3.364374275,12.0357389,oracle_F1,10,19,TRUE,3,42.1875,0.529831691,0.385662042,0.727895384
52,30,22,0,548,0.576923077,1,0.731707317,0.576923077,3.364450429,12.03631166,oracle_F1,20,19,TRUE,2,28.125,0.529831691,0.385662042,0.727895384
371,30,341,0,229,0.080862534,1,0.149625935,0.080862534,0.549996046,1.220891999,val_mse,1,20,TRUE,19,267.1875,0.030391954,0.078804628,0.041753189
349,30,319,0,251,0.085959885,1,0.158311346,0.085959885,0.652710786,1.338746867,val_mse,3,20,TRUE,10,140.625,0.030391954,0.078804628,0.041753189
327,30,297,0,273,0.091743119,1,0.168067227,0.091743119,0.698691699,1.401845465,val_mse,5,20,TRUE,8,112.5,0.030391954,0.078804628,0.041753189
313,30,283,0,287,0.095846645,1,0.174927114,0.095846645,0.742956978,1.468315153,val_mse,10,20,TRUE,6,84.375,0.030391954,0.078804628,0.041753189
310,30,280,0,290,0.096774194,1,0.176470588,0.096774194,0.763095575,1.497731961,val_mse,20,20,TRUE,5,70.3125,0.030391954,0.078804628,0.041753189
185,30,155,0,415,0.162162162,1,0.279069767,0.162162162,0.720437117,1.445105142,val_1se,1,20,TRUE,11,154.6875,0.078804628,0.148735211,0.078804628
162,30,132,0,438,0.185185185,1,0.3125,0.185185185,0.83513515,1.590321347,val_1se,3,20,TRUE,7,98.4375,0.078804628,0.148735211,0.078804628
159,30,129,0,441,0.188679245,1,0.317460317,0.188679245,0.860783143,1.630648492,val_1se,5,20,TRUE,6,84.375,0.078804628,0.148735211,0.078804628
154,30,124,0,446,0.194805195,1,0.326086957,0.194805195,0.880735849,1.664208573,val_1se,10,20,TRUE,5,70.3125,0.078804628,0.148735211,0.078804628
153,30,123,0,447,0.196078431,1,0.327868852,0.196078431,0.889758638,1.678509872,val_1se,20,20,TRUE,4,56.25,0.078804628,0.148735211,0.078804628
600,30,570,0,0,0.05,1,0.095238095,0.05,1.41E+59,1.92E+118,BIC,1,20,FALSE,3000,42187.5,1.00E-04,1.00E-04,1.00E-04
600,30,570,0,0,0.05,1,0.095238095,0.05,2.53E+59,6.16E+118,BIC,3,20,FALSE,3000,42187.5,1.00E-04,1.00E-04,1.00E-04
600,30,570,0,0,0.05,1,0.095238095,0.05,6.58E+59,4.55E+119,BIC,5,20,FALSE,3000,42187.5,1.00E-04,1.00E-04,1.00E-04
600,30,570,0,0,0.05,1,0.095238095,0.05,4.56E+59,2.06E+119,BIC,10,20,FALSE,3000,42187.5,1.00E-04,1.00E-04,1.00E-04
600,30,570,0,0,0.05,1,0.095238095,0.05,2.32E+59,5.39E+118,BIC,20,20,FALSE,3000,42187.5,1.00E-04,1.00E-04,1.00E-04
600,30,570,0,0,0.05,1,0.095238095,0.05,1.41E+59,1.92E+118,EBIC_g05,1,20,FALSE,3000,42187.5,1.00E-04,1.00E-04,1.00E-04
600,30,570,0,0,0.05,1,0.095238095,0.05,2.53E+59,6.16E+118,EBIC_g05,3,20,FALSE,3000,42187.5,1.00E-04,1.00E-04,1.00E-04
600,30,570,0,0,0.05,1,0.095238095,0.05,6.58E+59,4.55E+119,EBIC_g05,5,20,FALSE,3000,42187.5,1.00E-04,1.00E-04,1.00E-04
600,30,570,0,0,0.05,1,0.095238095,0.05,4.56E+59,2.06E+119,EBIC_g05,10,20,FALSE,3000,42187.5,1.00E-04,1.00E-04,1.00E-04
600,30,570,0,0,0.05,1,0.095238095,0.05,2.32E+59,5.39E+118,EBIC_g05,20,20,FALSE,3000,42187.5,1.00E-04,1.00E-04,1.00E-04
600,30,570,0,0,0.05,1,0.095238095,0.05,1.41E+59,1.92E+118,EBIC_g10,1,20,FALSE,3000,42187.5,1.00E-04,1.00E-04,1.00E-04
600,30,570,0,0,0.05,1,0.095238095,0.05,2.53E+59,6.16E+118,EBIC_g10,3,20,FALSE,3000,42187.5,1.00E-04,1.00E-04,1.00E-04
600,30,570,0,0,0.05,1,0.095238095,0.05,6.58E+59,4.55E+119,EBIC_g10,5,20,FALSE,3000,42187.5,1.00E-04,1.00E-04,1.00E-04
600,30,570,0,0,0.05,1,0.095238095,0.05,4.56E+59,2.06E+119,EBIC_g10,10,20,FALSE,3000,42187.5,1.00E-04,1.00E-04,1.00E-04
600,30,570,0,0,0.05,1,0.095238095,0.05,2.32E+59,5.39E+118,EBIC_g10,20,20,FALSE,3000,42187.5,1.00E-04,1.00E-04,1.00E-04
38,30,8,0,562,0.789473684,1,0.882352941,0.789473684,3.449493027,12.28646195,oracle_F1,1,20,TRUE,8,112.5,0.529831691,0.529831691,1
40,30,10,0,560,0.75,1,0.857142857,0.75,3.527440953,12.81876127,oracle_F1,3,20,TRUE,4,56.25,0.529831691,0.529831691,1
40,30,10,0,560,0.75,1,0.857142857,0.75,3.532006489,12.84759787,oracle_F1,5,20,TRUE,3,42.1875,0.529831691,0.529831691,1
40,30,10,0,560,0.75,1,0.857142857,0.75,3.532283332,12.84919978,oracle_F1,10,20,TRUE,3,42.1875,0.529831691,0.529831691,1
40,30,10,0,560,0.75,1,0.857142857,0.75,3.532282295,12.84919721,oracle_F1,20,20,TRUE,2,28.125,0.529831691,0.529831691,1
