condition,E,n_rep,mean_recall,mean_F1,sd_F1,mean_jacc,mean_prec,mean_FDR,mean_FNR,mean_coef,sd_coef,mean_tmse,sd_tmse,mean_rounds,mean_kib,mean_active,mean_active_eps1e3,mean_F1_eps1e3,mean_jacc_eps1e3,mean_active_eps1e2,mean_F1_eps1e2,mean_jacc_eps1e2,frac_converged,se_F1,F1_lo,F1_hi,se_tmse,tmse_lo,tmse_hi,se_coef
Correlated,1,100,1,0.099816146,0.01000906,0.052559181,0.052559181,0.947440819,0,0.896415402,0.344435427,1.500051413,0.509400897,43,604.6875,575.62,538.38,0.106339331,0.056188372,273.65,0.199731131,0.111100635,1,0.001000906,0.097854371,0.101777922,0.05094009,1.400208837,1.599893989,0.034443543
Correlated,2,100,1,0.100329684,0.011063478,0.052850307,0.052850307,0.947149693,0,1.040333102,0.346136024,1.598333024,0.502333359,27.21,382.640625,573.41,536.02,0.106955776,0.056540273,273.87,0.19916945,0.110733308,1,0.001106348,0.098161243,0.102498126,0.050233336,1.499875686,1.696790363,0.034613602
Correlated,3,100,1,0.101420028,0.012751786,0.05346693,0.05346693,0.94653307,0,1.132245452,0.339732065,1.674683852,0.487240948,22.06,310.21875,568.43,530.7,0.108213256,0.057254515,276.27,0.197374898,0.109602212,1,0.001275179,0.098920678,0.103919378,0.048724095,1.579184626,1.770183078,0.033973206
Correlated,5,100,1,0.103427124,0.014546991,0.054596456,0.054596456,0.945403544,0,1.239143034,0.3277121,1.773817981,0.472177049,17.41,244.828125,558.52,521.74,0.11026331,0.058415983,278.65,0.195749157,0.108589298,1,0.001454699,0.100575914,0.106278334,0.047217705,1.68127128,1.866364683,0.03277121
Correlated,8,100,1,0.105639399,0.016102531,0.055842381,0.055842381,0.944157619,0,1.325928235,0.317928337,1.862817892,0.468549631,14.31,201.234375,547.75,511.41,0.112637599,0.059761152,278.91,0.195612682,0.108504441,1,0.001610253,0.102483303,0.108795495,0.046854963,1.770982165,1.95465362,0.031792834
Correlated,10,100,1,0.106766693,0.016583225,0.056475787,0.056475787,0.943524213,0,1.363254083,0.313611388,1.903106036,0.467460796,13.23,186.046875,542.16,505.96,0.11386335,0.060453664,279.66,0.195094729,0.108182322,1,0.001658323,0.103516381,0.110017005,0.04674608,1.81148372,1.994728352,0.031361139
Correlated,15,100,1,0.109160263,0.017244065,0.057819896,0.057819896,0.942180104,0,1.42667147,0.310277397,1.974749317,0.474410361,11.78,165.65625,530.29,494.78,0.116445036,0.061915696,278.56,0.195833312,0.108638079,1,0.001724406,0.105780427,0.1125401,0.047441036,1.881764886,2.067733747,0.03102774
Correlated,20,100,1,0.110914891,0.017619055,0.058806407,0.058806407,0.941193593,0,1.467591621,0.309940502,2.022353057,0.482272766,10.96,154.125,521.75,486.34,0.118358375,0.062996871,278.25,0.196023945,0.108754567,1,0.001761905,0.107461556,0.114368226,0.048227277,1.927827594,2.116878519,0.03099405
HighNoise,1,100,1,0.107174475,0.029360127,0.056884668,0.056884668,0.943115332,0,1.048337648,0.104377915,5.186648167,0.595614714,20.39,286.734375,554.81,528.3,0.112223352,0.059735326,316.51,0.179533984,0.099134909,1,0.002936013,0.10141989,0.11292906,0.059561471,5.069907683,5.30338865,0.010437792
HighNoise,2,100,1,0.108421887,0.031811557,0.057628435,0.057628435,0.942371565,0,1.151564687,0.111728272,5.417815243,0.61343768,13.97,196.453125,551.47,523.74,0.113635774,0.060564983,319.45,0.178640743,0.098638233,1,0.003181156,0.102186822,0.114656953,0.061343768,5.297581458,5.538049028,0.011172827
HighNoise,3,100,1,0.110100917,0.033563804,0.058604141,0.058604141,0.941395859,0,1.198246457,0.1202594,5.532639142,0.635251147,11.92,167.625,544.84,515.9,0.115738742,0.061791287,317.49,0.179646713,0.099247845,1,0.00335638,0.103522411,0.116679422,0.063525115,5.408129917,5.657148366,0.01202594
HighNoise,5,100,1,0.112630546,0.034463855,0.060042837,0.060042837,0.939957163,0,1.237520099,0.13089057,5.635373116,0.660449991,10.42,146.53125,532.61,503.8,0.118394231,0.063299763,312.22,0.182430396,0.100934669,1,0.003446386,0.10587563,0.119385462,0.066044999,5.505924918,5.764821314,0.013089057
HighNoise,8,100,1,0.115487178,0.035069865,0.061663511,0.061663511,0.938336489,0,1.258481451,0.139769351,5.693697097,0.676317609,9.69,136.265625,519.05,488.66,0.121908933,0.065303038,306.04,0.185566952,0.10282192,1,0.003506986,0.108613485,0.122360872,0.067631761,5.561138846,5.826255348,0.013976935
HighNoise,10,100,1,0.117136753,0.035372414,0.062600719,0.062600719,0.937399281,0,1.264685817,0.143354658,5.711019185,0.680489348,9.45,132.890625,511.43,480.38,0.123876205,0.06642379,302.66,0.187180945,0.103785643,1,0.003537241,0.11020376,0.124069746,0.068048935,5.577643273,5.844395097,0.014335466
HighNoise,15,100,1,0.120640005,0.03523626,0.064578736,0.064578736,0.935421264,0,1.271840296,0.148567327,5.730000874,0.686135601,9.21,129.515625,495.17,464.32,0.127736778,0.0686186,295.24,0.191045316,0.106115743,1,0.003523626,0.113733698,0.127546312,0.06861356,5.595518297,5.864483452,0.014856733
HighNoise,20,100,1,0.123466693,0.035090305,0.066179544,0.066179544,0.933820456,0,1.275045416,0.151169843,5.737323973,0.690004337,9.12,128.25,482.55,452.1,0.130774883,0.070349352,288.93,0.194697334,0.108347531,1,0.00350903,0.116588993,0.130344392,0.069000434,5.602083123,5.872564823,0.015116984
IID,1,100,1,0.141581745,0.03810941,0.076635922,0.076635922,0.923364078,0,0.51738662,0.048147394,1.288057671,0.14661921,17.43,245.109375,424.7,386.02,0.153807682,0.083814458,163.66,0.321061132,0.192713671,1,0.003810941,0.1341123,0.149051189,0.014661921,1.259320306,1.316795037,0.004814739
IID,2,100,1,0.148646781,0.041521789,0.080832268,0.080832268,0.919167732,0,0.590058493,0.061926564,1.370369306,0.160306368,11.93,167.765625,406.69,367.24,0.162032032,0.088748819,162.41,0.322136916,0.193306768,1,0.004152179,0.14050851,0.156785052,0.016030637,1.338949258,1.401789354,0.006192656
IID,3,100,1,0.154268074,0.043080633,0.084167985,0.084167985,0.915832015,0,0.625632291,0.070716133,1.414532664,0.170127994,10.16,142.875,391.59,353.26,0.167856614,0.092232674,163.56,0.318787716,0.19071752,1,0.004308063,0.14582427,0.162711878,0.017012799,1.381187577,1.447877751,0.007071613
IID,5,100,1,0.161149855,0.042775703,0.088219901,0.088219901,0.911780099,0,0.661501343,0.082336947,1.462766414,0.184951242,8.82,124.03125,371.28,337.21,0.173720584,0.095699675,165.17,0.314786278,0.187687549,1,0.00427757,0.152765818,0.169533893,0.018495124,1.426515971,1.499016858,0.008233695
IID,8,100,1,0.166878334,0.04182639,0.091597795,0.091597795,0.908402205,0,0.687165192,0.092815268,1.499190595,0.198936385,8.1,113.90625,354.57,322.67,0.179483475,0.099127303,165.73,0.31260155,0.185989847,1,0.004182639,0.158680361,0.175076307,0.019893638,1.460199064,1.538182127,0.009281527
IID,10,100,1,0.169144161,0.040857458,0.092924114,0.092924114,0.907075886,0,0.697433518,0.097273791,1.514081821,0.205527699,7.73,108.703125,347.64,317.27,0.181518532,0.100325147,165.55,0.312442915,0.185831612,1,0.004085746,0.1611361,0.177152223,0.02055277,1.473798392,1.55436525,0.009727379
IID,15,100,1,0.172976295,0.038350694,0.095154213,0.095154213,0.904845787,0,0.713945675,0.103819423,1.538109994,0.217223028,7.26,102.09375,335.57,307.48,0.185187874,0.102484241,165.3,0.31215002,0.185548778,1,0.003835069,0.165459559,0.180493031,0.021722303,1.495534281,1.580685707,0.010381942
IID,20,100,1,0.175757978,0.036536419,0.096781196,0.096781196,0.903218804,0,0.724235349,0.107112777,1.553280825,0.224651555,6.94,97.59375,327.47,302.21,0.187294701,0.103729929,165.66,0.311276597,0.184901883,1,0.003653642,0.16859684,0.182919116,0.022465155,1.50924912,1.59731253,0.010711278
MeanNoiseHet,1,100,1,0.107069336,0.029336921,0.056826406,0.056826406,0.943173594,0,0.715185976,0.072494003,2.524209463,0.314206801,26.1,367.03125,554.86,524.92,0.112777973,0.060047044,289.26,0.194480898,0.108363937,1,0.002933692,0.1013193,0.112819373,0.03142068,2.46262493,2.585793996,0.0072494
MeanNoiseHet,2,100,1,0.108445642,0.031775292,0.057642311,0.057642311,0.942357689,0,0.770562207,0.079192998,2.613027257,0.323660264,18.67,262.546875,550.66,519.68,0.114445117,0.061033378,290.45,0.194177889,0.108237678,1,0.003177529,0.102217685,0.1146736,0.032366026,2.549589846,2.676464669,0.0079193
MeanNoiseHet,3,100,1,0.110187022,0.03336222,0.058649343,0.058649343,0.941350657,0,0.801507791,0.090306856,2.665833611,0.335902934,15.43,216.984375,543.64,511.41,0.116649191,0.062316562,289.34,0.194867111,0.108653127,1,0.003336222,0.103648027,0.116726018,0.033590293,2.599996636,2.731670586,0.009030686
MeanNoiseHet,5,100,1,0.112964966,0.034607288,0.060234831,0.060234831,0.939765169,0,0.831586246,0.105768429,2.720236386,0.353368822,12.02,169.03125,530.87,498.43,0.119575705,0.063976042,284.75,0.197513064,0.110242055,1,0.003460729,0.106181937,0.119747994,0.035336882,2.650976097,2.789496675,0.010576843
MeanNoiseHet,8,100,1,0.116246356,0.035407064,0.062099743,0.062099743,0.937900257,0,0.850331399,0.119776949,2.75638079,0.369421133,9.85,138.515625,515.74,483.03,0.123269389,0.066089085,278.56,0.201002246,0.112347221,1,0.003540706,0.109306571,0.12318614,0.036942113,2.683974248,2.828787332,0.011977695
MeanNoiseHet,10,100,1,0.117988082,0.035506913,0.063084995,0.063084995,0.936915005,0,0.856710463,0.125828605,2.769171564,0.376910062,9.35,131.484375,507.6,474.57,0.125368867,0.067289776,275.27,0.203023069,0.113587032,1,0.003550691,0.111028727,0.124947437,0.037691006,2.695297192,2.843045936,0.012582861
MeanNoiseHet,15,100,1,0.12151265,0.035357323,0.065076812,0.065076812,0.934923188,0,0.865337811,0.134538368,2.786356508,0.387988924,8.92,125.4375,491.27,457.8,0.12948111,0.069630282,267.98,0.207806723,0.11655352,1,0.003535732,0.114582615,0.128442685,0.038798892,2.710310679,2.862402337,0.013453837
MeanNoiseHet,20,100,1,0.124337909,0.035157238,0.066676891,0.066676891,0.933323109,0,0.870240607,0.138772846,2.795749203,0.394141564,8.79,123.609375,478.86,446.06,0.13240644,0.071291522,262.91,0.211116669,0.118600275,1,0.003515724,0.11744709,0.131228728,0.039414156,2.718497457,2.87300095,0.013877285
RandomSupport,1,100,1,0.156884628,0.020138536,0.085247813,0.085247813,0.914752187,0,0.627165368,0.053225661,1.423202435,0.164096952,29.05,408.515625,358.78,334.1,0.167411561,0.091494908,165.35,0.312407418,0.185787987,1,0.002013854,0.152937475,0.160831781,0.016409695,1.391039432,1.455365437,0.005322566
RandomSupport,2,100,1,0.171143555,0.022750305,0.09374723,0.09374723,0.90625277,0,0.656950517,0.053836164,1.462757343,0.166419238,16.9,237.65625,326.96,302.5,0.183599056,0.101268245,155,0.329666992,0.198120511,1,0.00227503,0.166684495,0.175602615,0.016641924,1.430139172,1.495375513,0.005383616
RandomSupport,3,100,1,0.179775968,0.022012864,0.098924907,0.098924907,0.901075093,0,0.67985976,0.055679654,1.49420941,0.171080922,13.05,183.515625,308.93,286.75,0.19227623,0.106545508,154.64,0.329463125,0.197863561,1,0.002201286,0.175461447,0.18409049,0.017108092,1.460677549,1.527741271,0.005567965
RandomSupport,5,100,1,0.187994984,0.021613499,0.103905152,0.103905152,0.896094848,0,0.71020316,0.058820661,1.53654251,0.178180613,10.13,142.453125,293.5,275.2,0.199126908,0.110742416,156.46,0.325711698,0.195088756,1,0.00216135,0.183758738,0.192231229,0.017818061,1.50161911,1.571465911,0.005882066
RandomSupport,8,100,1,0.192654973,0.020937834,0.106742765,0.106742765,0.893257235,0,0.736791761,0.061953428,1.575666126,0.184790905,8.41,118.265625,285.17,268.71,0.203085705,0.113172411,158.51,0.322090754,0.192482131,1,0.002093783,0.188551158,0.196758789,0.01847909,1.539447109,1.611885144,0.006195343
RandomSupport,10,100,1,0.194104182,0.020355927,0.107623156,0.107623156,0.892376844,0,0.748372071,0.063305107,1.593308019,0.187726959,7.84,110.25,282.53,266.53,0.204506312,0.114051638,159.27,0.320647104,0.191433816,1,0.002035593,0.190114421,0.198093944,0.018772696,1.556513535,1.630102503,0.006330511
RandomSupport,15,100,1,0.196003492,0.020105894,0.108786237,0.108786237,0.891213763,0,0.767209313,0.06611714,1.622948305,0.193860263,6.93,97.453125,279.34,264.47,0.205832822,0.114871619,160.66,0.318246547,0.189720576,1,0.002010589,0.192062737,0.199944247,0.019386026,1.584951693,1.660944917,0.006611714
RandomSupport,20,100,1,0.197420134,0.019883026,0.109654784,0.109654784,0.890345216,0,0.778872949,0.068473954,1.641528701,0.198544548,6.38,89.71875,277.01,262.97,0.206823608,0.115484446,161.63,0.316634552,0.188575586,1,0.001988303,0.193523061,0.201317207,0.019854455,1.60261397,1.680443433,0.006847395
