scenario,rep,lam,L_max,common_setup_scalar_bytes,dual_rate_setup_scalar_bytes,dual_all_E_vector_bytes,dual_all_E_all_checkpoints_validation_scalar_bytes,cd_all_E_vector_bytes,local_penalty_grid_fits_per_site,dual_local_gram_builds_per_site,dual_total_gradient_evaluations_per_site,cd_total_coordinate_sweeps_per_site,reference_kkt_mapping
IID,5000,0.3596450198881253,8.45756145698442,24,24,12960000,1080,4320000,30,3,7800,2600,6.975243299622846e-12
IID,5001,0.4300981548333719,8.445629218284136,24,24,12960000,1080,4320000,30,3,7800,2600,3.974237605675057e-12
IID,5002,0.49582798278883405,8.477654152451192,24,24,12960000,1080,4320000,30,3,7800,2600,9.28590537796481e-13
IID,5003,0.5016540763893101,8.356365971439107,24,24,12960000,1080,4320000,30,3,7800,2600,7.309319816073412e-12
IID,5004,0.3408027849814224,8.290401810978178,24,24,12960000,1080,4320000,30,3,7800,2600,4.6546655418922e-12
IID,5005,0.4520194020892022,8.506135959218978,24,24,12960000,1080,4320000,30,3,7800,2600,3.021805028424751e-12
IID,5006,0.46790637348863773,8.519757318072388,24,24,12960000,1080,4320000,30,3,7800,2600,3.832600903308503e-12
IID,5007,0.45299096846426484,8.312228746378777,24,24,12960000,1080,4320000,30,3,7800,2600,5.355882404245449e-12
IID,5008,0.3746259812863127,8.501323508193556,24,24,12960000,1080,4320000,30,3,7800,2600,3.691602579181108e-12
IID,5009,0.3859429822983293,8.24969935962348,24,24,12960000,1080,4320000,30,3,7800,2600,6.902145521792136e-12
IID,5010,0.35452002300665386,8.406004098749353,24,24,12960000,1080,4320000,30,3,7800,2600,2.0192958416487272e-11
IID,5011,0.40764108493474455,8.522433834988933,24,24,12960000,1080,4320000,30,3,7800,2600,4.089228955450608e-12
IID,5012,0.2964791021686863,8.2867906747633,24,24,12960000,1080,4320000,30,3,7800,2600,2.3193919007624686e-11
IID,5013,0.7323989254263623,8.358602894278324,24,24,12960000,1080,4320000,30,3,7800,2600,8.047035260361213e-13
IID,5014,0.2529705733210518,8.478810320148153,24,24,12960000,1080,4320000,30,3,7800,2600,1.1169823746493002e-11
IID,5015,0.3692237624048542,8.572497488543318,24,24,12960000,1080,4320000,30,3,7800,2600,3.5663694220033904e-12
IID,5016,0.4138340518048047,8.678165782184342,24,24,12960000,1080,4320000,30,3,7800,2600,9.918843524303611e-12
IID,5017,0.6784397994388143,8.548108566893703,24,24,12960000,1080,4320000,30,3,7800,2600,1.6764419713544143e-12
IID,5018,0.4438668419191496,8.393965235416044,24,24,12960000,1080,4320000,30,3,7800,2600,1.7206028268823559e-12
IID,5019,0.4426635199329214,8.322149426160236,24,24,12960000,1080,4320000,30,3,7800,2600,1.2433387652777128e-11
IID,5020,0.29890788803352414,8.360580747176025,24,24,12960000,1080,4320000,30,3,7800,2600,7.769174192873152e-12
IID,5021,0.5336990124506384,8.6486044084477,24,24,12960000,1080,4320000,30,3,7800,2600,3.984035323867374e-12
IID,5022,0.4195244359044021,8.386409617148653,24,24,12960000,1080,4320000,30,3,7800,2600,9.624800956231638e-12
IID,5023,0.2908118339894344,8.359874081774992,24,24,12960000,1080,4320000,30,3,7800,2600,1.3145998178920593e-11
IID,5024,0.35463448726971997,8.380562591616536,24,24,12960000,1080,4320000,30,3,7800,2600,1.2763679002603112e-11
IID,5025,0.16947447420636114,8.39098659600307,24,24,12960000,1080,4320000,30,3,7800,2600,1.8390349139363327e-11
IID,5026,0.2970591545976842,8.501670391095452,24,24,12960000,1080,4320000,30,3,7800,2600,5.690184434747891e-12
IID,5027,0.9325476882904528,8.62784742204715,24,24,12960000,1080,4320000,30,3,7800,2600,2.7861046802968303e-13
IID,5028,0.3238126914367118,8.60156638344505,24,24,12960000,1080,4320000,30,3,7800,2600,1.5709870904156986e-11
IID,5029,0.3809275508469648,8.549331996435647,24,24,12960000,1080,4320000,30,3,7800,2600,3.0116187321738153e-12
IID,5030,0.36727318992681024,8.445163869950365,24,24,12960000,1080,4320000,30,3,7800,2600,4.89538964920655e-12
IID,5031,1.0087147763312003,8.643097529408557,24,24,12960000,1080,4320000,30,3,7800,2600,4.654610030740969e-14
IID,5032,0.33484196017230056,8.446819988872045,24,24,12960000,1080,4320000,30,3,7800,2600,1.3393140763096056e-11
IID,5033,0.40403300838412765,8.45557035497251,24,24,12960000,1080,4320000,30,3,7800,2600,9.844403070502494e-12
IID,5034,0.36030730141157963,8.336756586850287,24,24,12960000,1080,4320000,30,3,7800,2600,6.3595240185065904e-12
IID,5035,0.42926242964820993,8.534589039141604,24,24,12960000,1080,4320000,30,3,7800,2600,1.327465914968684e-12
IID,5036,0.3669722599869383,8.374290813044627,24,24,12960000,1080,4320000,30,3,7800,2600,5.314360063124468e-12
IID,5037,0.36234086843337054,8.464482806212258,24,24,12960000,1080,4320000,30,3,7800,2600,8.39192951240797e-12
IID,5038,0.38588496439403125,8.46359151789965,24,24,12960000,1080,4320000,30,3,7800,2600,6.4682703637686245e-12
IID,5039,0.7183708310946563,8.457972017101124,24,24,12960000,1080,4320000,30,3,7800,2600,1.2924383785417604e-12
IID,5040,0.462046898929972,8.282665083594406,24,24,12960000,1080,4320000,30,3,7800,2600,1.6447954109821694e-12
IID,5041,0.5665765320939582,8.43487297576855,24,24,12960000,1080,4320000,30,3,7800,2600,3.126832126554291e-12
IID,5042,0.7156730596717124,8.477107846723602,24,24,12960000,1080,4320000,30,3,7800,2600,1.1937950628038152e-12
IID,5043,0.43545147831244313,8.290854131206,24,24,12960000,1080,4320000,30,3,7800,2600,6.5886185396379915e-12
IID,5044,0.23502303006162942,8.671113543961393,24,24,12960000,1080,4320000,30,3,7800,2600,2.5034183059879922e-11
IID,5045,0.38649499229848805,8.430009310063527,24,24,12960000,1080,4320000,30,3,7800,2600,8.037376320046974e-12
IID,5046,0.6693663435025191,8.636568926094471,24,24,12960000,1080,4320000,30,3,7800,2600,2.0753676555074207e-12
IID,5047,0.3288338354892296,8.41031279050831,24,24,12960000,1080,4320000,30,3,7800,2600,5.833847294134387e-12
IID,5048,0.353646080828421,8.561740077359007,24,24,12960000,1080,4320000,30,3,7800,2600,4.470868120165505e-12
IID,5049,0.6767833108046186,8.63128668588606,24,24,12960000,1080,4320000,30,3,7800,2600,3.9834802123550617e-13
Correlated,5000,0.43327504214980916,10.855536560394881,24,24,12960000,1080,4320000,30,3,7800,2600,1.563049689679019e-11
Correlated,5001,0.5689932434406748,10.578149237553868,24,24,12960000,1080,4320000,30,3,7800,2600,1.8506807197837816e-11
Correlated,5002,0.3396225883602091,11.107388234736721,24,24,12960000,1080,4320000,30,3,7800,2600,2.919942065915393e-11
Correlated,5003,0.3694359793717664,10.806755208582246,24,24,12960000,1080,4320000,30,3,7800,2600,2.8957503062088108e-11
Correlated,5004,0.3638230439321456,10.736496536779503,24,24,12960000,1080,4320000,30,3,7800,2600,2.956757061411963e-11
Correlated,5005,0.5472535884844028,11.44092456725578,24,24,12960000,1080,4320000,30,3,7800,2600,8.77442563052e-12
Correlated,5006,0.3554128162195052,10.90363987916417,24,24,12960000,1080,4320000,30,3,7800,2600,2.294631151755766e-11
Correlated,5007,0.48649093826342343,10.323289485635113,24,24,12960000,1080,4320000,30,3,7800,2600,7.291833803435566e-12
Correlated,5008,0.37592032921270524,11.040126765090449,24,24,12960000,1080,4320000,30,3,7800,2600,8.68133342990518e-12
Correlated,5009,0.27339049540257315,10.40460376635144,24,24,12960000,1080,4320000,30,3,7800,2600,1.8625365139079975e-11
Correlated,5010,0.4992233893901179,10.58053505905944,24,24,12960000,1080,4320000,30,3,7800,2600,2.836975099285155e-11
Correlated,5011,0.4586911729512215,10.585534814754645,24,24,12960000,1080,4320000,30,3,7800,2600,9.825501523508251e-12
Correlated,5012,0.4094784307542454,11.203744958903085,24,24,12960000,1080,4320000,30,3,7800,2600,1.9534207584825936e-11
Correlated,5013,0.44485409359187955,10.344405594392727,24,24,12960000,1080,4320000,30,3,7800,2600,1.2373102542539982e-11
Correlated,5014,0.3783470181884205,10.743713426274919,24,24,12960000,1080,4320000,30,3,7800,2600,1.5999201963268206e-11
Correlated,5015,0.30232399119938524,11.024891766929532,24,24,12960000,1080,4320000,30,3,7800,2600,1.368130608803142e-11
Correlated,5016,0.37859238389367705,10.559982047460618,24,24,12960000,1080,4320000,30,3,7800,2600,2.116162800547272e-11
Correlated,5017,0.4367920819020675,11.84636563801539,24,24,12960000,1080,4320000,30,3,7800,2600,1.4172975293380574e-11
Correlated,5018,0.4444779853454677,10.99946986810915,24,24,12960000,1080,4320000,30,3,7800,2600,1.7964907339518277e-11
Correlated,5019,0.38241291601023253,11.74410570951524,24,24,12960000,1080,4320000,30,3,7800,2600,2.845801372330925e-11
Correlated,5020,0.37303389708211354,10.641358700591717,24,24,12960000,1080,4320000,30,3,7800,2600,2.376497783285192e-11
Correlated,5021,0.49493237234337223,10.549922432892043,24,24,12960000,1080,4320000,30,3,7800,2600,1.5501377959026286e-11
Correlated,5022,0.31751517789740896,10.7243539770305,24,24,12960000,1080,4320000,30,3,7800,2600,1.4217904631408373e-11
Correlated,5023,0.46361177478783266,10.574303539218752,24,24,12960000,1080,4320000,30,3,7800,2600,8.26963757888377e-12
Correlated,5024,0.3184026496999468,11.10298546478736,24,24,12960000,1080,4320000,30,3,7800,2600,2.707001289792288e-11
Correlated,5025,0.4627543194753227,11.338026116925287,24,24,12960000,1080,4320000,30,3,7800,2600,2.7678526137719928e-11
Correlated,5026,0.24042679919507237,11.070710252173935,24,24,12960000,1080,4320000,30,3,7800,2600,1.9223622693687048e-11
Correlated,5027,0.4040059526518983,10.867952583100868,24,24,12960000,1080,4320000,30,3,7800,2600,1.4198781039809205e-11
Correlated,5028,0.3163738308229307,10.701220550383956,24,24,12960000,1080,4320000,30,3,7800,2600,2.839978252566766e-11
Correlated,5029,0.46895493911051367,10.504291678942753,24,24,12960000,1080,4320000,30,3,7800,2600,1.0884348977668878e-11
Correlated,5030,0.3426800199610439,10.9478560084903,24,24,12960000,1080,4320000,30,3,7800,2600,2.73850941923115e-11
Correlated,5031,0.4484494085483544,11.149918407918854,24,24,12960000,1080,4320000,30,3,7800,2600,1.7333426360899296e-11
Correlated,5032,0.43330755240047075,10.820397301335984,24,24,12960000,1080,4320000,30,3,7800,2600,2.919656183486552e-11
Correlated,5033,0.4263513387223633,10.634983726058332,24,24,12960000,1080,4320000,30,3,7800,2600,2.849863726082924e-11
Correlated,5034,0.3834189393870525,10.686215285450457,24,24,12960000,1080,4320000,30,3,7800,2600,1.0188072607775212e-11
Correlated,5035,0.29081764997327636,11.027934822104314,24,24,12960000,1080,4320000,30,3,7800,2600,3.1425143737218164e-11
Correlated,5036,0.5530155139970941,10.671862452105692,24,24,12960000,1080,4320000,30,3,7800,2600,1.3924805752907332e-11
Correlated,5037,0.286726810968026,10.874598801008847,24,24,12960000,1080,4320000,30,3,7800,2600,2.210820415626813e-11
Correlated,5038,0.34072885268562325,11.259232075255834,24,24,12960000,1080,4320000,30,3,7800,2600,2.5101976053321096e-11
Correlated,5039,0.8582929545193572,10.81527625507633,24,24,12960000,1080,4320000,30,3,7800,2600,6.997735724212362e-12
Correlated,5040,0.421864420290619,10.833887029355788,24,24,12960000,1080,4320000,30,3,7800,2600,1.2024034545810025e-11
Correlated,5041,0.485234189327303,11.134639210102526,24,24,12960000,1080,4320000,30,3,7800,2600,2.2184461949750767e-11
Correlated,5042,0.60223729944915,10.939232466280272,24,24,12960000,1080,4320000,30,3,7800,2600,1.0308087716737191e-11
Correlated,5043,0.4393590619064099,10.833741732160735,24,24,12960000,1080,4320000,30,3,7800,2600,1.7611714170362447e-11
Correlated,5044,0.4463099271805194,10.775926635703392,24,24,12960000,1080,4320000,30,3,7800,2600,2.877391380717853e-11
Correlated,5045,0.2946883091769562,10.677605423251709,24,24,12960000,1080,4320000,30,3,7800,2600,3.35102223747441e-11
Correlated,5046,0.5281136489372273,10.80143820187367,24,24,12960000,1080,4320000,30,3,7800,2600,1.3655659936162579e-11
Correlated,5047,0.40451402705581074,10.973121027186753,24,24,12960000,1080,4320000,30,3,7800,2600,1.2807088722865956e-11
Correlated,5048,0.4178284670127111,11.258243609467492,24,24,12960000,1080,4320000,30,3,7800,2600,1.6002310587737156e-11
Correlated,5049,0.4633820520669893,10.688999524188329,24,24,12960000,1080,4320000,30,3,7800,2600,1.196352045207405e-11
Heterogeneous,5000,0.5845196957719505,15.7260222364116,24,24,12960000,1080,4320000,30,3,7800,2600,8.458678202316605e-12
Heterogeneous,5001,1.368173565208055,15.112497518715067,24,24,12960000,1080,4320000,30,3,7800,2600,2.419175970658216e-13
Heterogeneous,5002,0.6996772744216977,15.117746753293462,24,24,12960000,1080,4320000,30,3,7800,2600,1.657604609128782e-11
Heterogeneous,5003,0.6058440593742668,15.074432530197765,24,24,12960000,1080,4320000,30,3,7800,2600,7.265160695268946e-12
Heterogeneous,5004,0.45202267794597706,15.42530752944565,24,24,12960000,1080,4320000,30,3,7800,2600,1.7211565506158877e-11
Heterogeneous,5005,0.8547451663495192,15.89344962600504,24,24,12960000,1080,4320000,30,3,7800,2600,5.888067811099518e-13
Heterogeneous,5006,0.5104936379806454,15.515133442902771,24,24,12960000,1080,4320000,30,3,7800,2600,3.1105340525527936e-11
Heterogeneous,5007,0.9705259231585978,15.46947712380973,24,24,12960000,1080,4320000,30,3,7800,2600,2.8696489628998734e-13
Heterogeneous,5008,0.5642033922555206,15.227784101557221,24,24,12960000,1080,4320000,30,3,7800,2600,1.0697775998380621e-11
Heterogeneous,5009,0.3104860857725426,15.83672355216187,24,24,12960000,1080,4320000,30,3,7800,2600,4.078903881321594e-11
Heterogeneous,5010,0.9441665589881262,15.311829349081075,24,24,12960000,1080,4320000,30,3,7800,2600,2.879563254509776e-11
Heterogeneous,5011,0.5241265208364542,16.077954396842465,24,24,12960000,1080,4320000,30,3,7800,2600,1.1212281103567534e-11
Heterogeneous,5012,0.46498624384355625,16.54260268509899,24,24,12960000,1080,4320000,30,3,7800,2600,1.5117740392867063e-11
Heterogeneous,5013,1.4740199389138764,15.378748456329049,24,24,12960000,1080,4320000,30,3,7800,2600,1.6653345369377348e-16
Heterogeneous,5014,0.49855455139644206,15.745075551988329,24,24,12960000,1080,4320000,30,3,7800,2600,1.208236288796627e-11
Heterogeneous,5015,0.5327300152577873,15.566834664866763,24,24,12960000,1080,4320000,30,3,7800,2600,1.6840057126543684e-11
Heterogeneous,5016,0.8187689519587951,15.303440068316513,24,24,12960000,1080,4320000,30,3,7800,2600,7.236738985838542e-12
Heterogeneous,5017,1.0576642805241518,15.409019752388167,24,24,12960000,1080,4320000,30,3,7800,2600,8.142722607296093e-13
Heterogeneous,5018,0.9491873138899115,15.43763229092267,24,24,12960000,1080,4320000,30,3,7800,2600,3.72613051524695e-12
Heterogeneous,5019,0.8175625921581762,15.805626880614062,24,24,12960000,1080,4320000,30,3,7800,2600,1.1697171009572571e-11
Heterogeneous,5020,0.6175693341913628,15.590099809166402,24,24,12960000,1080,4320000,30,3,7800,2600,1.0571085673483083e-11
Heterogeneous,5021,0.826645027102558,15.75161950547461,24,24,12960000,1080,4320000,30,3,7800,2600,6.5283334294008455e-12
Heterogeneous,5022,0.7732407137476698,15.7864230609927,24,24,12960000,1080,4320000,30,3,7800,2600,3.962941086399496e-12
Heterogeneous,5023,0.4012860362746084,15.658432768831041,24,24,12960000,1080,4320000,30,3,7800,2600,1.2718270880895943e-11
Heterogeneous,5024,0.4207315867319683,15.745229854005267,24,24,12960000,1080,4320000,30,3,7800,2600,3.0507249504374556e-11
Heterogeneous,5025,0.6432967015249897,15.906488500954502,24,24,12960000,1080,4320000,30,3,7800,2600,1.4572787421229805e-11
Heterogeneous,5026,0.5828271506842151,15.168004758593359,24,24,12960000,1080,4320000,30,3,7800,2600,1.1055351079036768e-11
Heterogeneous,5027,1.5107975792234667,16.02931180208131,24,24,12960000,1080,4320000,30,3,7800,2600,3.83026943495679e-15
Heterogeneous,5028,0.6044093469076299,15.2860571163357,24,24,12960000,1080,4320000,30,3,7800,2600,1.1183887149712746e-11
Heterogeneous,5029,0.5963356012369424,15.288579202107323,24,24,12960000,1080,4320000,30,3,7800,2600,1.5003054354423284e-11
Heterogeneous,5030,1.3573943286468435,14.626115821356276,24,24,12960000,1080,4320000,30,3,7800,2600,1.0623446566881967e-14
Heterogeneous,5031,1.8846106165227636,15.70456698367125,24,24,12960000,1080,4320000,30,3,7800,2600,7.147060721024445e-16
Heterogeneous,5032,0.5839358963576724,15.646794312355205,24,24,12960000,1080,4320000,30,3,7800,2600,3.103800549908442e-11
Heterogeneous,5033,0.5953470068846416,15.20520029441993,24,24,12960000,1080,4320000,30,3,7800,2600,7.634393117683658e-12
Heterogeneous,5034,0.6938463075201834,15.4266164683845,24,24,12960000,1080,4320000,30,3,7800,2600,8.996137168537643e-12
Heterogeneous,5035,0.4466583221269854,15.470941112012296,24,24,12960000,1080,4320000,30,3,7800,2600,3.0721869492822407e-11
Heterogeneous,5036,1.494621004537984,15.844249590419643,24,24,12960000,1080,4320000,30,3,7800,2600,1.2193024367945782e-13
Heterogeneous,5037,0.6138707525707839,15.413858870038405,24,24,12960000,1080,4320000,30,3,7800,2600,6.768530180778498e-12
Heterogeneous,5038,0.8234391924544178,15.617104581739563,24,24,12960000,1080,4320000,30,3,7800,2600,1.641464741908294e-12
Heterogeneous,5039,1.5813785397042586,15.3082675271581,24,24,12960000,1080,4320000,30,3,7800,2600,3.5045057134031055e-13
Heterogeneous,5040,1.2402562085011641,15.579169024206967,24,24,12960000,1080,4320000,30,3,7800,2600,2.6356694604601216e-13
Heterogeneous,5041,1.0304285335506174,14.76809982438985,24,24,12960000,1080,4320000,30,3,7800,2600,3.3260338927476596e-12
Heterogeneous,5042,1.5837225122836631,15.550924321023981,24,24,12960000,1080,4320000,30,3,7800,2600,2.8033131371785203e-15
Heterogeneous,5043,0.8995828656760647,15.86175441644125,24,24,12960000,1080,4320000,30,3,7800,2600,1.0220047030884416e-11
Heterogeneous,5044,0.47200515349784633,15.324004741854022,24,24,12960000,1080,4320000,30,3,7800,2600,1.5997383973065382e-11
Heterogeneous,5045,0.5253840960911537,15.518241521822908,24,24,12960000,1080,4320000,30,3,7800,2600,2.1226520541262062e-11
Heterogeneous,5046,0.6312202916101476,15.566162385524791,24,24,12960000,1080,4320000,30,3,7800,2600,2.0813906154160122e-12
Heterogeneous,5047,0.4849754226389212,15.650643916772252,24,24,12960000,1080,4320000,30,3,7800,2600,3.250577584879011e-11
Heterogeneous,5048,0.5297229930493165,14.809509675862262,24,24,12960000,1080,4320000,30,3,7800,2600,1.0870183225764052e-11
Heterogeneous,5049,0.5972895868697005,15.730670268835803,24,24,12960000,1080,4320000,30,3,7800,2600,1.900479773553343e-11
