scenario,method,E,rounds,n,F1_mean,F1_se,active_mean,active_se,objective_gap_mean,objective_gap_se,kkt_mapping_mean,kkt_mapping_se,test_mse_mean,test_mse_se
Correlated,FedAvg-CD-common,1,5,50,0.23474166076545497,0.007344964479263997,217.92,7.431529081541423,1.6700080571708844,0.036910678978247,0.2065156891416431,0.007073291808342104,29.005694062873566,0.5151449155425155
Correlated,FedAvg-CD-common,1,10,50,0.23502436455303397,0.007317076633767637,217.56,7.435939203404953,1.6646115656297418,0.036980244739391425,0.20557563272079377,0.007008019495200727,28.98995278768008,0.5176310321237995
Correlated,FedAvg-CD-common,1,20,50,0.23503518274552995,0.007316118235318622,217.54,7.429901529273042,1.6645428288129045,0.0369844307820268,0.20555562684375583,0.007005913959794283,28.989710515852607,0.5176909451777484
Correlated,FedAvg-CD-common,1,50,50,0.23503518274552995,0.007316118235318622,217.54,7.429901529273042,1.664542538702378,0.03698438799043016,0.20555557556662193,0.007005909724956209,28.98970961214026,0.5176909404219857
Correlated,FedAvg-CD-common,1,100,50,0.23503518274552995,0.007316118235318622,217.54,7.429901529273042,1.6645425387023978,0.03698438799043201,0.205555575566625,0.007005909724956488,28.989709612140246,0.5176909404219843
Correlated,FedAvg-CD-common,5,5,50,0.277816469818269,0.007522259798621432,173.02,5.731651469814662,1.5303587090762232,0.03436283574716647,0.22587502712669935,0.007683270825800772,29.549017598275412,0.5112182231964837
Correlated,FedAvg-CD-common,5,10,50,0.277816469818269,0.007522259798621432,173.02,5.731651469814662,1.530358499124541,0.03436282467221658,0.22587482401397696,0.00768324721079507,29.549016786591903,0.5112181631366871
Correlated,FedAvg-CD-common,5,20,50,0.277816469818269,0.007522259798621432,173.02,5.731651469814662,1.5303584991319716,0.0343628246758997,0.22587482400807854,0.007683247209975929,29.54901678656368,0.5112181631354022
Correlated,FedAvg-CD-common,5,50,50,0.277816469818269,0.007522259798621432,173.02,5.731651469814662,1.530358499131972,0.03436282467589975,0.22587482400807846,0.007683247209975937,29.549016786563676,0.5112181631354022
Correlated,FedAvg-CD-common,5,100,50,0.277816469818269,0.007522259798621432,173.02,5.731651469814662,1.530358499131972,0.03436282467589972,0.2258748240080785,0.007683247209975935,29.54901678656368,0.5112181631354022
Correlated,FedAvg-CD-common,20,5,50,0.28202898277703947,0.007464920148700808,168.52,5.2380273588675434,1.5477247677453168,0.03519743473312111,0.22928225346299022,0.007677683399463275,29.588373716413443,0.5105646272533574
Correlated,FedAvg-CD-common,20,10,50,0.28202898277703947,0.007464920148700808,168.52,5.2380273588675434,1.5477247677231043,0.03519743472851459,0.22928225346025483,0.007677683398888588,29.588373716401076,0.510564627252677
Correlated,FedAvg-CD-common,20,20,50,0.28202898277703947,0.007464920148700808,168.52,5.2380273588675434,1.5477247677231036,0.03519743472851459,0.22928225346025477,0.007677683398888587,29.588373716401076,0.510564627252677
Correlated,FedAvg-CD-common,20,50,50,0.28202898277703947,0.007464920148700808,168.52,5.2380273588675434,1.5477247677231043,0.03519743472851462,0.22928225346025474,0.00767768339888859,29.588373716401076,0.5105646272526772
Correlated,FedAvg-CD-common,20,100,50,0.28202898277703947,0.007464920148700808,168.52,5.2380273588675434,1.5477247677231043,0.03519743472851459,0.22928225346025474,0.007677683398888596,29.588373716401076,0.5105646272526772
Correlated,FedDualAvg-adapted,1,5,50,0.48085671297571075,0.014194833474609151,83.74,4.5346565695851355,1.1190150002116575,0.04842114135704307,0.5184551729880764,0.011339918627659007,33.743645127017714,0.5434583990694996
Correlated,FedDualAvg-adapted,1,10,50,0.5378241162886531,0.013887840314069875,70.16,3.7098170921411824,0.4865524460306784,0.024026567591571957,0.312713548994781,0.006701726479103679,31.007270461066085,0.5244406484210985
Correlated,FedDualAvg-adapted,1,20,50,0.6115381258127616,0.013418598796797857,56.54,2.917954273606278,0.12184674180295833,0.00852409832118234,0.1409967940389251,0.004079543750738031,28.889902454971455,0.5147915095490742
Correlated,FedDualAvg-adapted,1,50,50,0.6960500786166791,0.01198070838992263,44.78,2.091047974737323,0.004241614949010028,0.0005736408593192859,0.023850758999265285,0.0013800095084536062,27.585474956393632,0.5217955511699475
Correlated,FedDualAvg-adapted,1,100,50,0.7128884098241332,0.01152909762928618,42.92,1.9193621389430822,8.672375319576058e-05,2.042425215949224e-05,0.0039047582729285725,0.000494706574714991,27.413765694302764,0.5271169303680152
Correlated,FedDualAvg-adapted,5,5,50,0.6698212006608126,0.011804410700775073,46.38,2.2223153948721395,0.09538939604202173,0.007374792371267184,0.1304507364080016,0.004113144795823684,28.814512325169613,0.5203759030165676
Correlated,FedDualAvg-adapted,5,10,50,0.723934502726612,0.0105104619846779,40.46,1.7445448502958807,0.012410959843716922,0.001283551323109355,0.050346805264265694,0.002048495658158964,27.806272725186265,0.5245908676380382
Correlated,FedDualAvg-adapted,5,20,50,0.7418510062730426,0.010207442267337004,38.74,1.5889439439901136,0.005035056517075191,0.0004828983852619669,0.038624712152938126,0.001415186560575892,27.577839828751927,0.530198946466508
Correlated,FedDualAvg-adapted,5,50,50,0.7246806072612002,0.010493239323141779,40.96,1.7313342737169326,0.002074952643300622,0.00039651317184403626,0.019944982160582558,0.001818066186384262,27.4968093355257,0.527740856418226
Correlated,FedDualAvg-adapted,5,100,50,0.7277319439885399,0.011019077269667187,41.02,1.7676203304593046,0.0011185774834253169,0.00036926561529003796,0.013813929540648966,0.0016257493546850132,27.45398509592066,0.5285318677716175
Correlated,FedDualAvg-adapted,20,5,50,0.7540811632038746,0.009178617550564249,33.78,1.3939490225797428,0.06607956338232329,0.005855093638607498,0.1401485428116806,0.005516329797637973,28.302756133767865,0.5438220211454824
Correlated,FedDualAvg-adapted,20,10,50,0.7528439561628651,0.00866804161435745,36.56,1.350785108062443,0.02239893642040253,0.004904202999441557,0.07221521784344635,0.005414872542197425,27.796865892203336,0.5290355383706523
Correlated,FedDualAvg-adapted,20,20,50,0.7490215831617709,0.009849823106774127,37.84,1.5089826279412797,0.009809319098325128,0.0013817580940026766,0.053924708016984714,0.003038709917311352,27.641316249140477,0.5309463642781584
Correlated,FedDualAvg-adapted,20,50,50,0.7336457925402943,0.010072468859103227,39.76,1.6357136618838486,0.003684282089038746,0.0014118183416619344,0.02494220203485564,0.003602909107077459,27.499252123962513,0.5275725163157112
Correlated,FedDualAvg-adapted,20,100,50,0.7339774712921749,0.010583141102134463,40.16,1.7165128390229454,0.002889893236975623,0.0013858804145103986,0.02086916720734842,0.003337542615288416,27.478166184055482,0.5288117826250042
Correlated,Pooled-common,0,0,50,0.7144108037345805,0.011768815455348896,43.32,1.9638446258005529,0.0,0.0,1.8998626144517417e-11,1.0760374992700296e-12,27.398244272989324,0.5282805373362932
Heterogeneous,FedAvg-CD-common,1,5,50,0.23371652410310698,0.007851549005766423,184.98,10.838988204907432,3.124626475095399,0.08607615355217135,0.39538264971155634,0.015634616214796622,44.77442387483674,0.8215093350338506
Heterogeneous,FedAvg-CD-common,1,10,50,0.2338347116957502,0.00784444897476927,184.84,10.828132671096025,3.1219367613163866,0.08606772007291184,0.3953598280885621,0.015637210225021674,44.77112010287157,0.821745573978404
Heterogeneous,FedAvg-CD-common,1,20,50,0.2338347116957502,0.00784444897476927,184.84,10.828132671096025,3.1219267582491494,0.08606789674582924,0.39535951424372473,0.015637228161771047,44.77111788316935,0.8217447598265021
Heterogeneous,FedAvg-CD-common,1,50,50,0.2338347116957502,0.00784444897476927,184.84,10.828132671096025,3.121926759525371,0.08606789669689817,0.39535951377230555,0.015637228148658363,44.771117892540225,0.8217447583941433
Heterogeneous,FedAvg-CD-common,1,100,50,0.2338347116957502,0.00784444897476927,184.84,10.828132671096025,3.121926759525371,0.08606789669689817,0.3953595137723054,0.015637228148658363,44.771117892540225,0.8217447583941433
Heterogeneous,FedAvg-CD-common,5,5,50,0.2774278579139206,0.0074155929985059085,138.46,8.231111215184416,2.448175411722465,0.06596727630860766,0.4080132334808346,0.016148704048675487,44.912655818794384,0.8035618033193926
Heterogeneous,FedAvg-CD-common,5,10,50,0.2774278579139206,0.0074155929985059085,138.46,8.231111215184416,2.4481666074505375,0.06596673691798575,0.4080124624345531,0.016148688956272413,44.91264878005242,0.8035621954717472
Heterogeneous,FedAvg-CD-common,5,20,50,0.2774278579139206,0.0074155929985059085,138.46,8.231111215184416,2.4481666027742492,0.06596673647796485,0.40801246215310505,0.016148688969003164,44.91264878036555,0.8035621951592236
Heterogeneous,FedAvg-CD-common,5,50,50,0.2774278579139206,0.0074155929985059085,138.46,8.231111215184416,2.4481666027742444,0.06596673647796437,0.40801246215310494,0.016148688969003167,44.91264878036555,0.8035621951592223
Heterogeneous,FedAvg-CD-common,5,100,50,0.2774278579139206,0.0074155929985059085,138.46,8.231111215184416,2.448166602774245,0.06596673647796428,0.40801246215310494,0.016148688969003164,44.91264878036555,0.8035621951592221
Heterogeneous,FedAvg-CD-common,20,5,50,0.2846816307116129,0.007078933750954821,131.26,7.445081104532119,2.474987939392621,0.06671826550710945,0.4134293595867415,0.016537603252051405,44.99697545639674,0.7979419562809397
Heterogeneous,FedAvg-CD-common,20,10,50,0.2846816307116129,0.007078933750954821,131.26,7.445081104532119,2.474987927727298,0.06671826473481357,0.41342936031657496,0.01653760326341681,44.996975444648534,0.7979419581752176
Heterogeneous,FedAvg-CD-common,20,20,50,0.2846816307116129,0.007078933750954821,131.26,7.445081104532119,2.4749879277271316,0.06671826473480146,0.4134293603165862,0.016537603263417255,44.996975444647695,0.7979419581753305
Heterogeneous,FedAvg-CD-common,20,50,50,0.2846816307116129,0.007078933750954821,131.26,7.445081104532119,2.4749879277271316,0.06671826473480146,0.41342936031658634,0.01653760326341726,44.996975444647695,0.7979419581753306
Heterogeneous,FedAvg-CD-common,20,100,50,0.2846816307116129,0.007078933750954821,131.26,7.445081104532119,2.4749879277271316,0.06671826473480143,0.41342936031658634,0.01653760326341725,44.996975444647695,0.7979419581753308
Heterogeneous,FedDualAvg-adapted,1,5,50,0.41978045182047863,0.020685538317126148,62.14,6.747033210445696,1.1542301010718412,0.10890272951855096,0.6526594135078042,0.03314751860077363,47.79914337994984,0.7794516316912924
Heterogeneous,FedDualAvg-adapted,1,10,50,0.4447516081502954,0.020994984180173423,54.52,5.771869855831215,0.49978200366696085,0.04897212396861275,0.4161704560488537,0.020555631033161572,45.77140714710631,0.8240595554559885
Heterogeneous,FedDualAvg-adapted,1,20,50,0.47678490943580953,0.021604207531321376,46.56,4.709708600544285,0.11940750853590626,0.01340923417911643,0.18947208632760396,0.010086852452311494,44.06578830434794,0.8793391177446133
Heterogeneous,FedDualAvg-adapted,1,50,50,0.5084529951136386,0.02290723692868414,39.92,3.900375701422223,0.00533144861589736,0.0009541028124543132,0.0362969732607844,0.00579456034505222,43.04052733130822,0.9271629150871439
Heterogeneous,FedDualAvg-adapted,1,100,50,0.518423513154491,0.023185260483389116,38.76,3.7275105223027274,0.0024087261180170396,0.001414842817219603,0.01578762154835157,0.005818949927027484,42.91141937129656,0.9367942861839866
Heterogeneous,FedDualAvg-adapted,5,5,50,0.5560231604205818,0.02831161380877672,29.72,2.997010755634313,0.2556325230647804,0.024052129446145945,0.275630300211475,0.010532368347107149,44.37069921242714,0.8976609653875264
Heterogeneous,FedDualAvg-adapted,5,10,50,0.564069695270248,0.027776850183927917,28.72,2.7827515380373034,0.10051767177978509,0.009746534392071252,0.18072078497845762,0.00609768761445559,43.455893571990124,0.9369799653976487
Heterogeneous,FedDualAvg-adapted,5,20,50,0.5647281813669213,0.026961592558819237,29.74,2.7824244310107895,0.06852684400447567,0.007601385159273673,0.14795494988469302,0.006948863430261725,43.19810286060432,0.9398548618563985
Heterogeneous,FedDualAvg-adapted,5,50,50,0.5441704925142079,0.025417607013179945,33.7,3.143279192441017,0.020335466101498514,0.004753592628448833,0.06879454893330612,0.006042090749574459,42.9896775068354,0.9390467231850343
Heterogeneous,FedDualAvg-adapted,5,100,50,0.5392031931543233,0.0254062045682731,34.78,3.2653143112142216,0.014688401260755933,0.003997048267956521,0.058094704760285776,0.005720784782021372,42.9491043766891,0.9375102760086191
Heterogeneous,FedDualAvg-adapted,20,5,50,0.5873012384230369,0.031107875550205333,22.62,1.959985422686316,0.3327398907841252,0.036443520337108556,0.32304977152789865,0.014613424048701208,44.2589583921536,0.9207478253769785
Heterogeneous,FedDualAvg-adapted,20,10,50,0.5836359303870629,0.029515932208390553,26.3,2.4528617189407353,0.15550102419797296,0.019546071141308016,0.2235860078576903,0.010871547367807629,43.542272288815845,0.9407147532957391
Heterogeneous,FedDualAvg-adapted,20,20,50,0.573393234188986,0.028724305208106465,28.96,2.64913694070583,0.09341349402154872,0.018448992748705866,0.15585693117103405,0.012844940434041198,43.24506519475316,0.9349722701068233
Heterogeneous,FedDualAvg-adapted,20,50,50,0.5488662895479487,0.02762187674044426,31.88,2.9970924685945413,0.03951801711712267,0.013197395822673765,0.09862828397097058,0.011010639518926314,43.03715611332996,0.9421035838209513
Heterogeneous,FedDualAvg-adapted,20,100,50,0.5487029541278576,0.02762126627070346,31.84,3.0027687903272313,0.038893988209377735,0.013207900368053114,0.0988964751795811,0.01101120300100872,43.02370468070665,0.9430346573195945
Heterogeneous,Pooled-common,0,0,50,0.51970988176075,0.023261836616685988,38.76,3.7346212550093143,0.0,0.0,1.1192665232140353e-11,1.4845074978553883e-12,42.87182635528311,0.9324994485037884
IID,FedAvg-CD-common,1,5,50,0.25581050849985326,0.013063635116266086,215.3,11.694905571509784,1.7077831521312368,0.052475750707068634,0.21417516982648555,0.006345973662815602,29.701476043726654,0.5623688629729389
IID,FedAvg-CD-common,1,10,50,0.2562844474716073,0.013030835720252178,214.56,11.57845148435274,1.6960656343479408,0.05140348673624723,0.21272809518144453,0.006197995115011183,29.667359210913123,0.5641931599258353
IID,FedAvg-CD-common,1,20,50,0.25628951756565754,0.013029779933309138,214.54,11.569919125535346,1.695367571886293,0.05134536859485614,0.21258455048072078,0.006168209430954642,29.665726715298362,0.5642983084953235
IID,FedAvg-CD-common,1,50,50,0.25628951756565754,0.013029779933309138,214.54,11.569919125535346,1.6953444535949596,0.05134353810715482,0.21257712059798928,0.006166660343907224,29.665695808203708,0.564300265489188
IID,FedAvg-CD-common,1,100,50,0.25628951756565754,0.013029779933309138,214.54,11.569919125535346,1.6953444528063217,0.05134353804498999,0.21257712028692188,0.0061666602794759025,29.665695805354254,0.5643002656699035
IID,FedAvg-CD-common,5,5,50,0.29531584288136314,0.013957015033557089,177.06,9.494892719515162,1.6143818672955947,0.05438949833127737,0.2248383458340221,0.0058389800492416235,30.31411824065676,0.5575964458204928
IID,FedAvg-CD-common,5,10,50,0.29531584288136314,0.013957015033557089,177.06,9.494892719515162,1.6143781662376784,0.05438903742592377,0.2248396862953834,0.005839256964115983,30.314099048654107,0.5575982677987039
IID,FedAvg-CD-common,5,20,50,0.29531584288136314,0.013957015033557089,177.06,9.494892719515162,1.6143781562131274,0.05438903617120845,0.2248396836889392,0.005839256503434773,30.314099023432227,0.5575982701886768
IID,FedAvg-CD-common,5,50,50,0.29531584288136314,0.013957015033557089,177.06,9.494892719515162,1.6143781562131017,0.05438903617120528,0.22483968368892907,0.005839256503432974,30.314099023432146,0.557598270188684
IID,FedAvg-CD-common,5,100,50,0.29531584288136314,0.013957015033557089,177.06,9.494892719515162,1.6143781562131017,0.0543890361712052,0.22483968368892907,0.0058392565034329795,30.314099023432146,0.557598270188684
IID,FedAvg-CD-common,20,5,50,0.29782660146248313,0.013544589665202809,173.24,8.93913934587094,1.6420315719154135,0.05719084811270074,0.22971666564882806,0.006263987410525728,30.3796100174842,0.559269551510108
IID,FedAvg-CD-common,20,10,50,0.29782660146248313,0.013544589665202809,173.24,8.93913934587094,1.6420315711103128,0.05719084797785883,0.22971666455029194,0.006263987002830161,30.37961002129452,0.5592695511711179
IID,FedAvg-CD-common,20,20,50,0.29782660146248313,0.013544589665202809,173.24,8.93913934587094,1.6420315711103104,0.05719084797785851,0.2297166645502884,0.006263987002828881,30.379610021294535,0.5592695511711169
IID,FedAvg-CD-common,20,50,50,0.29782660146248313,0.013544589665202809,173.24,8.93913934587094,1.6420315711103104,0.05719084797785842,0.22971666455028839,0.006263987002828873,30.37961002129454,0.5592695511711168
IID,FedAvg-CD-common,20,100,50,0.29782660146248313,0.013544589665202809,173.24,8.93913934587094,1.6420315711103106,0.05719084797785853,0.22971666455028847,0.006263987002828872,30.379610021294535,0.5592695511711168
IID,FedDualAvg-adapted,1,5,50,0.5889487954614208,0.020267436689908328,65.54,6.03602856324641,0.8804650538709246,0.05776777478878461,0.47597068080181876,0.012112707986596593,33.67201660450914,0.556386410245683
IID,FedDualAvg-adapted,1,10,50,0.637220290732736,0.019665259888998046,56.38,5.059393365265227,0.26644462086987003,0.020129983895975118,0.24717133789838427,0.006455276669779082,30.730782782765722,0.5969091736528623
IID,FedDualAvg-adapted,1,20,50,0.6950503118655024,0.018040697427492865,47.4,4.104850291833716,0.032741363631641124,0.003995642516112643,0.0773064451568419,0.002666666196553856,28.806846934789164,0.6296987011896698
IID,FedDualAvg-adapted,1,50,50,0.7284863517964685,0.01679438399781165,42.84,3.5462380181866884,0.000362138235205452,0.00017311576069573137,0.0075898782694720736,0.0011401134190146506,28.062180634240462,0.6479843659548739
IID,FedDualAvg-adapted,1,100,50,0.7317134021348219,0.016926214830628,42.58,3.4964810298122218,2.6661469838734424e-05,2.123096262413718e-05,0.002054880977578153,0.000627084016351885,28.021280346268522,0.6499537576111138
IID,FedDualAvg-adapted,5,5,50,0.7311458453581554,0.016008697537003406,38.58,3.059557124146952,0.03578987591917488,0.00522579369846951,0.07803018181991947,0.0032136111356025803,28.837971992727148,0.6392274148272753
IID,FedDualAvg-adapted,5,10,50,0.7533977604513145,0.01629784093834762,36.92,2.7671306880770845,0.009400150838188726,0.001596309075534757,0.04897477398416242,0.0020066501348762174,28.283139892620238,0.6545498077054346
IID,FedDualAvg-adapted,5,20,50,0.7590495173593277,0.01596323603091394,37.26,2.7265602161413742,0.007387137236394087,0.0011603488168963954,0.043007613444616594,0.002261904455939155,28.206504242689885,0.6544860251812117
IID,FedDualAvg-adapted,5,50,50,0.7441724250553574,0.016245493149643887,40.12,2.8945606976971585,0.0022920893917659714,0.0010928421422127825,0.017140436905915185,0.0019009845493305807,28.08152593039555,0.6512609649362704
IID,FedDualAvg-adapted,5,100,50,0.741004842564699,0.016460447061674724,41.1,3.2142857142857144,0.000786262874151224,0.00020679411076432436,0.012514161966875015,0.0011727735380071946,28.06353933887051,0.6503794466716651
IID,FedDualAvg-adapted,20,5,50,0.7771191042759107,0.01399254395906515,31.76,1.7450945825486983,0.05285434109231536,0.00905828309825928,0.11023773931668314,0.008026809391381349,28.725443281017693,0.6505605200105258
IID,FedDualAvg-adapted,20,10,50,0.7603477242359898,0.015589065115125169,35.24,2.5738972277026737,0.01554338431836689,0.00251353205574388,0.06613709448298714,0.003323108676698215,28.32798201930389,0.6573710767967074
IID,FedDualAvg-adapted,20,20,50,0.7596530939821023,0.01549147252309893,37.18,2.578829033432319,0.009952399478517171,0.0023283173150284446,0.0434667792348032,0.004045760915210213,28.219392739437335,0.6505423294947004
IID,FedDualAvg-adapted,20,50,50,0.7476819718571258,0.016653869119746305,39.62,3.0737718635884077,0.001917352115339091,0.00036725096823051146,0.02205161328553447,0.0012955702229985068,28.105227694914625,0.6529214463632774
IID,FedDualAvg-adapted,20,100,50,0.7485458879783639,0.016219040043941393,39.3,2.8369644599357913,0.0030785805724994307,0.001475002440804605,0.02240722488148325,0.0017302652421992504,28.101146368922784,0.6531885264341701
IID,Pooled-common,0,0,50,0.7321655470759078,0.01699669323271617,43.04,3.541239261925701,0.0,0.0,6.830363861315414e-12,8.338928029686202e-13,28.01940951493054,0.6500640253936597
